rs1129038,rs11636232,rs12203592,rs12896399,rs12913832,rs1393350,rs1667394,rs16891982,rs1800407,rs4778232,rs4778241,rs7183877,rs8024968,user_id
TC,CC,missing,missing,missing,missing,missing,missing,CC,TC,AC,CC,CC,2953
TT,TC,missing,missing,missing,missing,missing,missing,TC,CC,AC,CC,CC,4135
TT,TT,CC,GG,GG,GG,TT,missing,CC,TC,CC,CC,CC,4440
TT,CC,CC,GT,GG,GG,TT,GG,CC,CC,CC,CC,CC,4441
TC,CC,CC,TG,AG,AG,TT,missing,CC,TC,AC,CC,CC,4111
CT,,CC,GT,GG,AA,TT,GG,TT,CT,CC,CC,CC,4106
CT,CT,CC,GT,AG,GG,CT,CG,CC,CC,CC,AC,CC,4171
TT,TC,CC,GG,GG,GG,TT,missing,CC,CC,CC,CC,CC,3858
TT,CT,CC,GT,GG,GG,TT,GG,CC,TT,AC,CC,CT,3847
TT,CT,missing,missing,missing,missing,missing,GG,missing,missing,missing,missing,missing,26
CC,CC,CT,GT,AA,GG,CT,CC,CC,CT,AC,CC,CT,3973
missing,missing,missing,missing,missing,missing,missing,missing,missing,missing,missing,missing,missing,3985
TT,TT,missing,missing,missing,missing,missing,missing,CC,CC,CC,CC,CC,3998
TT,TT,missing,missing,missing,missing,missing,missing,CC,CC,CC,CC,CC,4026
TT,CC,TC,GG,GG,AG,TT,missing,CC,CC,CC,CC,CC,4133
CT,CC,CC,GG,AG,AG,CT,GG,CC,TT,CC,AC,TT,820
missing,missing,missing,missing,missing,missing,missing,missing,missing,missing,missing,missing,missing,822
TT,,CC,GT,GG,GG,TT,GG,CC,CT,AC,CC,CT,609
TT,CC,CC,TT,GG,GG,TT,GG,CC,CT,CC,CC,CC,2554
missing,missing,missing,missing,missing,missing,missing,missing,missing,missing,missing,missing,missing,829
CC,CC,CC,GG,AA,GG,CC,CC,CC,CT,AC,CC,CT,832
TT,,CC,GG,GG,AG,TT,GG,CC,CC,CC,CC,CC,4036
TT,CT,CT,TT,GG,AG,TT,GG,CC,CT,CC,CC,CC,836
TT,CT,CC,GG,GG,AG,TT,GG,CC,CC,CC,CC,CC,839
TT,CT,CC,GG,GG,GG,TT,GG,CC,CT,CC,CC,CC,842
missing,CC,CC,GT,AG,GG,TT,CG,CC,CT,CC,CC,CT,845
TT,,CT,GT,GG,GG,TT,GG,CC,CC,CC,CC,CC,850
CT,CC,CC,GT,AG,AG,CT,CG,CT,CC,AC,AC,CC,854
TT,CT,CT,GT,GG,GG,TT,GG,CC,CC,CC,CC,CC,865
CT,CT,CC,GT,AG,AG,CT,GG,CC,CT,CC,CC,CC,2557
CC,CC,CT,GG,AA,GG,CT,GG,CT,CT,CC,CC,CC,466
TT,CC,CC,GG,GG,GG,TT,GG,CC,CC,CC,CC,CC,912
TT,CT,CC,TT,GG,AG,TT,GG,CC,CC,CC,CC,CC,915
CT,CC,TT,TT,AG,GG,CT,GG,CC,CC,AC,CC,CC,916
CT,CC,CC,GG,AG,AG,CT,GG,CC,TT,AC,CC,TT,918
CC,CC,CC,TT,AA,GG,CC,CG,CC,CT,AA,AA,CT,924
CT,CC,CC,GG,AG,AG,CT,GG,CC,CT,AC,AC,CT,926
TT,CT,CC,GT,GG,AG,TT,GG,CC,CT,CC,CC,CC,887
TT,CC,CC,GT,GG,GG,TT,GG,CC,CT,CC,CC,CC,903
TT,CT,CC,GT,GG,GG,TT,GG,CC,CT,CC,CC,CC,2568
TT,CT,CC,GT,GG,GG,TT,CC,CC,CT,CC,CC,CC,2570
TC,CC,missing,missing,missing,missing,missing,missing,CC,TC,CC,AC,CC,1259
TC,TC,TC,GG,AG,GG,TC,missing,CC,TC,CC,CC,TC,2571
TC,CC,CC,GG,AG,GG,TT,missing,CC,TT,CC,CC,CC,2574
TT,CC,CT,GT,GG,AG,TT,GG,CC,CC,CC,CC,CC,3004
missing,missing,missing,missing,missing,missing,missing,missing,missing,missing,missing,missing,missing,937
CT,CC,CC,GG,AG,GG,CT,GG,CC,CT,AC,CC,CT,943
TT,TT,CC,GG,GG,AG,TT,GG,CC,CC,CC,CC,CC,669
TT,TT,CC,TT,GG,AG,TT,GG,CC,CC,CC,CC,CC,341
TT,TC,missing,missing,missing,missing,missing,missing,CC,CC,CC,CC,CC,945
CT,CC,CC,GT,AG,GG,CT,GG,CT,CC,AC,AC,CC,951
TT,CT,CC,GG,GG,AA,TT,GG,CC,CC,CC,CC,CC,952
CC,CC,CT,TT,AA,GG,CT,CG,CC,CC,AC,AC,CC,954
CC,CC,CC,GT,AA,GG,TT,GG,CC,CT,CC,CC,CT,966
TT,CC,CT,GG,GG,AA,TT,GG,CC,CC,CC,CC,CC,968
TT,CC,CC,GT,GG,AG,TT,GG,CC,CC,CC,CC,CC,972
TT,CT,CC,TT,GG,GG,TT,GG,CC,CC,CC,CC,CC,990
missing,CC,CC,GG,AG,GG,CT,CG,CC,CT,CC,CC,CC,1010
CT,CC,CT,TT,AG,GG,CT,GG,CT,CC,AC,AC,CC,1013
CT,CC,TT,GG,AG,AG,TT,GG,CT,CC,CC,CC,CC,319
CT,CT,CC,TT,AG,GG,TT,GG,CC,TT,AC,CC,CT,667
CC,CC,CC,GT,AA,GG,CC,CC,CC,CT,AA,AC,CC,675
missing,CT,CC,GG,GG,GG,TT,GG,CC,CC,CC,CC,CC,180
missing,CC,CC,GT,GG,GG,TT,CG,CC,CC,CC,CC,CC,704
missing,missing,missing,missing,missing,missing,missing,missing,missing,missing,missing,missing,missing,703
CC,CC,CC,GG,AA,GG,CT,GG,CT,CC,AC,AC,CC,8
CC,CC,CC,GG,AA,AG,CC,CG,CC,TT,AA,CC,TT,10
CC,CC,CC,GT,AA,AG,CT,GG,CC,CT,AC,AC,CT,13
CT,CT,CT,GG,AG,GG,CT,GG,CC,TT,AC,CC,CT,6
missing,CC,CT,GG,AG,GG,CT,GG,CC,CT,AC,AC,CT,14
TT,TT,CC,GT,GG,GG,TT,GG,CC,CT,CC,CC,CT,1
CC,CC,CC,GT,AA,GG,CC,CC,CC,CT,AC,CC,CC,33
CT,CC,CC,GG,AG,AG,CT,GG,CC,CC,CC,CC,CC,36
TT,CC,CC,GT,GG,GG,TT,GG,CC,CC,CC,CC,CC,38
CT,CC,CC,GT,AG,GG,CT,GG,CT,CC,AC,CC,CC,42
CC,CC,CC,GG,AA,GG,CC,CC,CC,TT,AA,CC,CC,44
missing,missing,missing,missing,missing,missing,missing,missing,missing,missing,missing,missing,missing,45
TT,TT,CC,GT,GG,AG,TT,GG,CC,CC,CC,CC,CC,55
TT,CT,CC,GT,GG,GG,TT,GG,CC,CC,CC,CC,CC,58
TT,CT,CC,GG,GG,GG,TT,GG,CC,CC,CC,CC,CC,60
missing,CC,CC,GG,AG,AG,CT,GG,CC,CC,AC,AC,CC,62
missing,CT,CT,GG,GG,GG,TT,GG,CT,CC,CC,CC,CC,64
TT,CC,CC,TT,GG,GG,TT,GG,CT,CC,CC,CC,CC,63
TT,CT,CT,TT,GG,AG,TT,GG,CC,CC,CC,CC,CC,40
TC,TC,missing,missing,missing,missing,missing,missing,CC,TC,CC,CC,CC,72
TC,CC,missing,missing,missing,missing,missing,missing,TC,CC,AC,CC,CC,71
missing,missing,missing,missing,GG,AG,missing,missing,missing,AG,missing,missing,AG,77
TT,TT,CC,GG,GG,AG,TT,GG,CC,CC,CC,CC,CC,81
TT,TT,CC,GG,GG,AG,TT,GG,CC,CC,CC,CC,CC,74
TT,TT,CT,GG,GG,AG,TT,GG,CC,CC,CC,CC,CC,99
missing,CT,CC,GT,AG,AA,CT,GG,CC,CC,AC,AC,CC,118
TT,TT,CT,TT,GG,GG,TT,CG,CC,CT,CC,CC,CC,123
CT,CC,TT,GG,AG,GG,CT,GG,CC,CC,AC,CC,CC,124
missing,CT,CC,GG,AG,GG,CT,GG,CC,CT,AC,CC,CC,126
CT,CT,CC,GG,AG,AG,CT,CG,CC,CT,AC,CC,CT,141
CC,CC,CC,GT,AA,GG,CC,CG,CC,CT,AA,AC,CC,144
CC,CC,CC,GT,AA,GG,TT,CG,CC,CT,AC,CC,CT,146
CT,CC,CC,GT,AG,GG,CT,CC,CC,CT,AC,AC,CT,154
TT,CT,CT,TT,GG,GG,TT,GG,CC,CC,CC,CC,CC,159
TT,CC,CT,GT,GG,AA,TT,CG,CC,CT,CC,CC,CC,168
CT,CC,CC,GG,AG,GG,CT,GG,CC,CC,AC,CC,CC,175
TT,CC,CC,GT,GG,AG,TT,GG,CC,CT,CC,CC,CC,177
missing,missing,missing,missing,missing,missing,missing,missing,missing,missing,missing,missing,missing,664
TT,CT,CC,GT,GG,AG,TT,GG,CC,CT,CC,CC,CC,200
TT,TT,CC,GT,GG,AG,TT,GG,CC,CT,CC,CC,CC,202
CC,CC,missing,missing,missing,missing,missing,missing,CC,TC,AA,CC,CC,203
TT,CC,CC,GG,GG,AG,TT,GG,CC,CT,CC,CC,CC,204
TT,CT,CC,GT,GG,AG,TT,GG,CC,CC,CC,CC,CC,207
missing,CT,CT,GG,GG,AG,TT,GG,CC,CC,CC,CC,CC,215
TT,CC,CC,GT,GG,AG,TT,GG,CC,CC,CC,CC,CC,251
TT,CT,CT,GG,GG,GG,TT,GG,CC,CT,CC,CC,CT,253
missing,CT,CC,GT,GG,GG,TT,GG,CC,CT,CC,CC,CC,252
TT,CC,CC,GG,GG,GG,TT,CC,CC,CT,AC,CC,CT,258
missing,CT,CC,GT,AG,AG,TT,CG,CC,CT,CC,CC,CT,262
CT,CT,CT,TT,AG,GG,TT,CG,CC,TT,CC,CC,TT,266
CT,CC,CC,GT,AG,GG,CT,GG,CT,CT,AC,CC,CT,268
TT,CT,CC,GT,GG,AG,TT,GG,CC,CC,CC,CC,CC,216
CT,CC,CC,TT,AA,AG,CT,GG,CC,CT,AC,AC,CT,276
CC,CC,CC,GT,AA,GG,CT,GG,CC,CT,AC,CC,CC,279
CT,CT,CC,GT,AG,AG,CT,GG,CC,CC,AC,CC,CC,285
TT,CC,CC,GG,GG,GG,TT,GG,CC,CC,CC,CC,CC,287
TT,CT,CT,GT,GG,AG,TT,GG,CC,CC,CC,CC,CC,294
CT,CT,CC,GG,AG,AG,CT,GG,CT,CC,AC,AC,CC,295
TT,CT,CC,GT,GG,GG,TT,GG,CC,CC,CC,CC,CC,296
CT,CC,CC,GT,AG,GG,CT,GG,CT,CC,AC,CC,CC,305
CC,CC,CC,GG,AA,GG,CT,GG,CC,CC,AC,CC,CC,311
CC,CC,CC,GG,AA,AA,CT,GG,CC,CC,AC,AC,CC,322
CT,CC,CC,GT,AG,AG,CT,GG,CC,CT,AC,CC,CT,323
TT,CT,CT,GT,GG,AG,TT,GG,CC,CT,CC,CC,CC,330
CC,CC,CC,GT,AA,GG,TT,GG,CT,CC,CC,CC,CC,325
missing,missing,missing,missing,missing,missing,missing,missing,missing,missing,missing,missing,missing,339
TT,CT,CT,GG,GG,GG,TT,CG,CT,CC,CC,CC,CC,160
TT,CC,CC,GT,GG,GG,TT,GG,CC,CC,CC,CC,CC,347
TT,TT,CC,TT,GG,GG,TT,CG,CC,CC,CC,CC,CC,349
missing,missing,missing,missing,missing,missing,missing,missing,missing,missing,missing,missing,missing,352
CT,CC,CC,GT,AG,GG,CT,CC,CC,CC,CC,CC,CC,357
TT,CC,CC,TT,GG,GG,TT,GG,CC,CT,AC,CC,CT,363
CT,CC,CT,TT,AG,AG,CT,GG,CC,CT,AC,CC,CC,366
TT,TT,CC,GG,GG,AG,TT,GG,CC,CC,CC,CC,CC,368
CC,CC,CC,GT,AA,GG,CC,GG,CT,CT,AA,AC,CT,189
CC,CC,CC,GG,AA,GG,CT,CG,CC,CC,AC,AC,CC,11
TT,CT,CC,GT,GG,GG,TT,GG,CC,CC,CC,CC,CC,411
CT,CT,CT,GG,AG,GG,CT,GG,CC,TT,CC,CC,CC,420
TT,CT,CT,TT,GG,AG,TT,GG,CC,CT,CC,CC,CC,439
TT,CT,CC,GT,GG,GG,TT,GG,CC,CT,CC,CC,CC,345
CT,CC,CC,GG,AG,GG,TT,GG,CC,CT,CC,CC,CT,440
TT,CT,CC,GT,GG,GG,TT,GG,CC,CC,CC,CC,CC,463
TT,TT,CT,GT,GG,GG,TT,GG,CC,CC,CC,CC,CC,441
TT,CT,CT,GG,GG,GG,TT,GG,CC,CC,CC,CC,CC,468
CT,missing,missing,missing,missing,missing,missing,GG,missing,missing,missing,missing,missing,35
CT,CC,CC,GT,AG,AG,CT,CG,CC,CT,AC,AC,CT,481
CC,CC,CC,GT,AA,GG,CC,CC,CC,TT,AA,AC,CT,483
missing,missing,missing,missing,missing,missing,missing,missing,missing,missing,missing,missing,missing,488
CT,CT,CT,GT,AG,AG,TT,GG,CT,CC,CC,CC,CC,495
TT,CT,CC,TT,GG,AG,TT,GG,CC,CC,CC,CC,CC,533
CT,CC,CT,GG,AG,GG,CT,GG,CC,CC,CC,AC,CC,539
CC,CC,CC,GG,AA,AG,CT,GG,CC,CT,AA,CC,CT,678
TT,CC,missing,missing,missing,missing,missing,missing,CC,TT,CC,CC,TC,542
CT,CC,CT,TT,AG,GG,CT,GG,CC,CT,AC,AC,CT,549
CT,CC,CT,TT,AG,GG,TT,GG,CC,CT,CC,CC,CC,561
CC,CC,CC,GG,AA,AA,CC,GG,CC,TT,AC,AC,TT,563
CT,CT,CC,GG,AG,AG,CT,CG,CC,CT,AC,AC,CC,572
TT,CC,CC,GT,GG,AG,TT,GG,TT,CC,CC,CC,CC,574
TT,TC,missing,missing,missing,missing,missing,missing,CC,CC,CC,CC,CC,579
missing,CC,CC,GT,AA,GG,CT,GG,CT,CC,AC,AC,CC,187
TT,TT,CT,GT,GG,AG,TT,GG,CC,CC,CC,CC,CC,583
CT,CT,CC,GG,AG,GG,CT,GG,CC,CT,AC,AC,CC,589
TT,CT,CT,GG,GG,AA,TT,GG,CC,CC,CC,CC,CC,503
missing,CC,CC,TT,GG,GG,TT,GG,CC,CC,CC,CC,CC,682
CT,CC,CC,GG,AG,GG,CT,GG,CC,CT,AC,AC,CT,595
TT,CT,CC,GG,GG,GG,TT,GG,CC,CC,CC,CC,CC,602
TT,CC,CC,GT,GG,AG,TT,GG,CC,CC,CC,CC,CC,607
TT,CT,CC,TT,GG,GG,TT,GG,CC,CT,CC,CC,CC,637
missing,CC,CC,GT,AA,GG,CT,GG,CC,TT,AA,CC,TT,644
TT,CT,CC,GG,GG,AA,TT,GG,CC,CC,CC,CC,CC,645
TT,CT,CT,GT,GG,AG,TT,GG,CC,CC,CC,CC,CC,646
TT,CT,CC,GG,GG,GG,TT,CG,CC,CT,CC,CC,CC,650
TT,CT,CT,GG,GG,GG,TT,GG,CC,CT,CC,CC,CC,651
CC,CC,CC,GG,AA,AA,CT,GG,CC,CT,CC,CC,CC,610
missing,missing,missing,missing,missing,missing,missing,missing,missing,missing,missing,missing,missing,580
missing,CT,CC,GG,AG,AG,TT,GG,CC,CC,CC,CC,CC,90
TT,TT,CC,GG,GG,AG,TT,CG,CT,CC,CC,CC,CC,684
CC,CC,CC,GT,AA,GG,TT,CC,CC,TT,AC,CC,TT,688
missing,CC,CC,GG,AG,AG,CT,GG,CT,CC,AC,AC,CC,693
missing,CT,CT,GG,GG,AG,TT,GG,CC,CC,CC,CC,CC,717
CT,CT,CC,GT,AG,AA,CT,GG,CC,CT,AC,AC,CC,721
CT,CC,CC,GG,AG,GG,CT,GG,CT,CC,AC,AC,CC,722
missing,missing,missing,missing,missing,missing,missing,missing,missing,missing,missing,missing,missing,734
CT,CT,CC,GT,AG,GG,CT,GG,CC,TT,AC,AC,CT,745
missing,CC,CT,GT,AG,GG,TT,GG,CC,CT,AC,CC,CT,748
TT,CT,CT,TT,GG,AG,TT,GG,CC,CC,CC,CC,CC,749
CT,CT,CC,GT,AG,AG,TT,GG,CC,CT,CC,CC,CC,754
CC,CC,CC,GG,AA,GG,TT,GG,CC,CC,CC,CC,CC,2576
CT,CT,CC,TT,AG,AG,CT,GG,CT,CC,AC,AC,CC,761
CT,CT,CC,TT,AG,GG,TT,GG,CC,CT,AC,CC,CC,762
TT,CT,CT,GT,GG,GG,TT,GG,CT,CC,CC,CC,CC,775
TT,TT,CC,TT,GG,GG,TT,GG,CT,CC,CC,CC,CC,776
CT,CT,CC,TT,AG,AA,CT,GG,CC,CT,CC,CC,CC,777
TT,CC,CC,GT,GG,GG,TT,GG,CC,CT,CC,CC,CC,779
TT,CT,CC,GG,GG,AG,TT,CG,CC,CC,CC,CC,CC,782
TT,CT,CC,GT,GG,AG,TT,CG,CC,CC,AC,CC,CC,781
CC,CC,CC,GG,AA,AG,CT,CG,CC,CC,CC,CC,CC,792
CC,CC,CT,GT,AA,GG,TT,GG,CC,CC,CC,CC,CC,763
TT,CC,CC,GG,GG,AG,TT,GG,CC,CC,CC,CC,CC,758
TT,CT,CC,GG,GG,GG,TT,GG,CC,CC,CC,CC,CC,806
TT,CT,CC,GT,GG,GG,TT,GG,CC,CC,CC,CC,CC,808
TT,TT,CT,GT,GG,AG,TT,GG,CC,CT,CC,CC,CC,811
missing,CT,CT,GT,AG,AG,CT,GG,CC,CT,AC,CC,CT,813
TT,CT,CC,GG,GG,GG,TT,GG,CT,CC,CC,CC,CC,816
TT,CT,CC,GT,GG,AG,TT,GG,CC,CC,CC,CC,CC,1020
TT,CT,CT,GT,GG,AG,TT,GG,CC,CC,CC,CC,CC,1022
TT,TT,CC,GG,GG,GG,TT,CG,CC,CT,AC,CC,CT,1026
CT,CC,CC,GT,AG,GG,TT,GG,CC,CT,CC,CC,CT,1627
TT,CT,CC,TT,GG,GG,TT,GG,CC,CC,CC,CC,CC,1028
CT,CC,CC,GG,AG,AG,CT,CC,CC,CC,AC,CC,CC,2616
CC,CC,CC,GG,AA,GG,CT,GG,CC,TT,AC,AC,CC,1034
CT,CT,CC,GG,AG,GG,CT,GG,CC,CC,CC,CC,CC,1036
TT,CT,CC,GG,GG,GG,TT,GG,CC,CC,CC,CC,CC,1039
TC,CC,CC,TG,AG,AG,TC,missing,CC,TT,CC,AC,TC,1059
TT,CC,CC,GT,GG,GG,TT,GG,CC,CT,CC,CC,CC,1066
TT,,CT,GG,GG,GG,TT,GG,CT,CT,CC,CC,CC,1075
TT,TT,CC,GT,GG,AG,TT,GG,CC,CC,CC,CC,CC,1077
missing,missing,missing,missing,missing,missing,missing,missing,missing,missing,missing,missing,missing,1081
TT,,CC,GG,GG,GG,TT,GG,CC,CC,CC,CC,CC,1085
TT,CT,CC,GT,GG,AG,TT,GG,CC,CC,CC,CC,CC,1103
CT,CC,CT,GG,AG,AA,CT,GG,CC,CC,AC,CC,CC,1125
CC,CC,CT,GG,AA,AG,CT,GG,CT,CC,AC,AC,CC,1114
CC,CC,CC,GT,AA,AG,TT,GG,CC,CT,AC,CC,CT,1033
CT,CC,CC,GT,AG,AG,TT,GG,CT,CC,CC,CC,CC,1121
CC,CC,CC,GG,AA,AG,CC,CC,CC,TT,AA,CC,TT,2628
CT,CC,CT,TT,AG,GG,TT,GG,CC,CT,CC,CC,CT,1163
TT,CT,CT,GT,GG,AG,TT,GG,CC,CC,CC,CC,CC,1177
CT,CT,TT,TT,AG,AG,CT,GG,CC,CT,CC,AC,CT,1165
CC,CC,CC,GT,AA,GG,CC,GG,CC,CT,AA,AC,CT,1173
TT,CT,CC,TT,GG,GG,TT,GG,CC,CC,CC,CC,CC,1133
missing,missing,missing,missing,missing,missing,missing,missing,missing,missing,missing,missing,missing,2629
TT,TT,CC,GG,GG,AG,TT,GG,CC,CT,CC,CC,CC,1445
TT,TT,CT,GT,GG,AG,TT,GG,CC,CC,CC,CC,CC,2633
TT,CT,CC,GG,GG,AG,TT,GG,CC,CC,CC,CC,CC,1147
TT,CT,CT,GG,GG,GG,TT,GG,CC,CC,CC,CC,CC,1134
CC,CC,CC,GT,AA,GG,CT,CG,CT,CT,AC,AC,CC,1142
TT,CT,CT,GT,GG,AG,TT,GG,CC,CC,CC,CC,CC,1131
TT,CT,CC,GT,GG,GG,TT,GG,CC,CT,AC,CC,CT,1129
CT,CT,CC,TT,AG,AA,CT,GG,CC,TT,AA,AC,TT,1235
CT,CC,CC,GT,AG,GG,CT,CG,CC,CT,AC,CC,CC,2887
TT,CT,CT,GT,GG,GG,TT,GG,CT,CT,CC,CC,CT,1190
CC,CC,TT,GT,AA,GG,TT,GG,CC,TT,CC,CC,CT,1269
CT,,CT,TT,AG,AG,TT,GG,CT,CT,CC,CC,CC,1275
CT,CC,CC,GG,AG,AG,CT,GG,CC,CC,CC,CC,CC,1281
TT,CC,CC,GT,GG,GG,TT,GG,CC,CC,CC,CC,CC,1325
CT,,CC,GG,AG,GG,CT,GG,CC,CT,AC,AC,CT,1312
CC,CC,CC,GT,AA,AG,CT,CG,CC,CT,CC,CC,CT,1375
TT,CT,CC,GT,GG,GG,TT,GG,CC,CC,CC,CC,CC,1379
TC,TC,CC,TG,AG,AG,TC,missing,CC,CC,AC,AC,CC,1393
missing,missing,missing,missing,missing,missing,missing,missing,missing,missing,missing,missing,missing,1403
CC,CC,CC,GG,AA,AG,CT,GG,CC,CT,AC,CC,CC,1420
TT,CT,CC,GT,GG,GG,TT,GG,CC,CT,AC,CC,CT,1424
TT,CT,CC,GT,GG,GG,TT,GG,CT,CC,CC,CC,CC,1459
CT,CT,CC,TT,AG,AG,CT,CG,CT,CT,AC,CC,CT,1466
CT,CC,CT,TT,AG,GG,CT,GG,CC,CC,CC,AC,CC,1467
CT,CC,CC,GT,AG,AG,TT,CG,CC,CC,CC,CC,CC,1470
TT,CC,missing,missing,missing,missing,missing,missing,CC,CC,CC,CC,CC,1491
TT,,CC,TT,GG,AG,TT,GG,CC,CT,AC,CC,CT,1494
TT,TT,CT,TT,GG,AG,TT,GG,CC,CC,CC,CC,CC,1503
TT,CT,CT,GT,GG,AA,TT,GG,CC,CC,CC,CC,CC,1514
TT,TC,missing,missing,missing,missing,missing,missing,CC,CC,CC,CC,CC,1092
TC,CC,CC,GG,AG,AG,TC,missing,CC,CC,AC,AC,CC,1519
CC,CC,CC,GG,AA,GG,CC,missing,CC,TT,AC,CC,CT,1532
TT,CT,CT,GT,GG,GG,TT,CG,CC,CC,CC,CC,CC,1531
CT,CC,TT,GT,AG,GG,CT,GG,CC,CC,AC,AC,CC,1537
TT,,CC,TG,GG,AG,TT,missing,TC,CC,CC,CC,CC,2894
TT,TT,CT,TT,GG,GG,TT,GG,CC,CC,CC,CC,CC,1600
CT,CC,CC,GT,AG,AG,CT,CC,CC,TT,CC,CC,CT,2645
TT,CT,CC,GG,GG,AG,TT,GG,CC,CC,CC,CC,CC,2648
TT,CC,missing,missing,missing,missing,missing,missing,CC,TC,CC,CC,CC,2651
missing,CT,CT,GT,GG,GG,TT,GG,CC,CC,CC,CC,CC,2660
missing,missing,missing,missing,missing,missing,missing,missing,missing,missing,missing,missing,missing,2662
TC,CC,CC,GG,AG,GG,TC,missing,CC,TT,AC,CC,CC,2665
TT,CC,CC,GT,GG,AG,TT,missing,CC,CC,CC,CC,CC,1964
CC,CC,CC,TT,AA,GG,CC,CC,CC,TT,AA,AC,CT,2675
TT,CT,CC,GT,GG,GG,TT,GG,CC,CT,CC,CC,CT,2681
TC,TC,missing,missing,missing,missing,missing,missing,CC,TC,AC,AC,TC,2694
CT,CT,CC,GG,AG,AG,CT,GG,CC,CC,AC,AC,CC,2687
CT,CT,CC,GG,AG,AG,CT,GG,CT,CC,AC,CC,CC,9839
TT,TT,CT,GT,GG,GG,TT,GG,CT,CC,CC,CC,CC,2702
TT,CT,CC,GG,GG,GG,TT,GG,CC,CC,CC,CC,CC,2707
TT,TT,CC,TG,GG,GG,TT,missing,CC,CC,CC,CC,CC,1647
CT,CC,CT,GG,AG,GG,CT,GG,CC,CT,AC,AC,CT,2700
CT,CC,CC,GT,AG,AG,TT,GG,CC,CC,CC,CC,CC,2759
TT,TT,CC,GG,GG,GG,TT,GG,CC,CC,CC,CC,CC,2764
CT,CC,CC,TT,AG,GG,TT,CG,CT,CC,AA,CC,CC,2907
CT,CT,CC,GT,AG,GG,CT,GG,CC,CT,AC,CC,CT,1668
CC,CC,CC,TT,AA,GG,CT,CG,CT,CT,AC,CC,CC,1678
TT,TT,CC,TT,GG,AG,TT,GG,CC,CC,CC,CC,CC,1717
TC,CC,missing,missing,missing,missing,missing,missing,CC,TC,AC,CC,TC,1735
TT,TT,CC,TT,GG,GG,TT,missing,CC,CC,CC,CC,CC,2715
CT,CT,CT,GT,AG,GG,TT,GG,CC,CC,CC,CC,CC,1759
TT,TT,CT,GG,GG,AG,TT,GG,CC,CC,CC,CC,CC,1764
TT,TT,CC,GG,GG,GG,TT,missing,CC,CC,CC,CC,CC,4297
TT,CC,CC,GT,GG,AG,TT,GG,CC,CT,CC,CC,CC,1802
CC,CC,CT,GT,AA,GG,CC,GG,CC,CT,AA,AA,CT,1825
TT,TT,CT,GT,GG,AG,TT,GG,CC,CC,CC,CC,CC,2334
TC,CC,CC,TG,AG,AG,TC,missing,CC,CC,AC,CC,CC,8274
TT,TT,CC,TT,GG,GG,TT,GG,CC,CC,CC,CC,CC,1833
TT,TT,CC,GT,GG,GG,TT,GG,CC,CC,CC,CC,CC,1875
CT,CT,CC,GT,AG,GG,TT,CG,CC,CC,CC,CC,CC,1877
CC,CC,CC,GG,AA,GG,CC,CG,CC,CT,AC,AC,CT,1879
CC,CC,missing,missing,missing,missing,missing,missing,CC,TC,AA,AC,CC,1183
CT,CC,CC,GT,AG,AG,CT,GG,CC,CT,AC,CC,CT,1963
TT,CT,CC,GT,GG,AG,TT,GG,CC,CC,CC,CC,CC,1968
TT,TT,CC,GT,GG,AG,TT,CG,CC,CC,CC,CC,CC,1970
CT,CT,CT,GT,AG,AA,CT,GG,CC,TT,AC,CC,CT,1980
CT,CC,CC,GT,AG,AG,TT,GG,CC,CT,CC,CC,CC,1975
CT,CT,CT,GT,AG,GG,CT,GG,CC,CT,CC,CC,CC,1987
CT,CC,CT,GT,AG,GG,TT,GG,CC,CT,AC,CC,CT,1991
CT,CC,CC,GG,AG,GG,CT,GG,CC,CT,AC,CC,CT,1996
TT,TT,CT,GT,GG,GG,TT,GG,CC,CT,CC,CC,CC,2000
TT,CT,CT,GT,GG,GG,TT,GG,CT,CC,CC,CC,CC,2004
TT,CC,CC,missing,GG,GG,TT,missing,CC,TC,CC,CC,CC,5249
CT,CC,CC,GG,AG,GG,TT,GG,CC,CC,CC,CC,CC,2720
CC,CC,CT,GT,AA,AA,CC,GG,CC,TT,AC,AC,CT,2018
TT,CC,CC,GT,GG,GG,TT,GG,CC,CC,CC,CC,CC,2023
TT,CT,CC,TT,GG,AG,TT,GG,CC,CC,CC,CC,CC,2024
CT,CT,CC,TT,AG,AG,CT,CG,CC,CT,AC,CC,CT,1952
TT,TT,CC,GT,GG,GG,TT,GG,CC,CC,CC,CC,CC,2030
CC,CC,CC,GG,AA,GG,CC,CG,CC,TT,AC,AC,CC,2035
CC,CC,missing,missing,missing,missing,missing,missing,CC,CC,AA,AA,CC,2053
TT,TT,CC,GT,GG,GG,TT,GG,CC,CC,CC,CC,CC,2056
missing,missing,missing,missing,missing,missing,missing,missing,missing,missing,missing,missing,missing,2070
CC,CC,CC,GG,AA,GG,CC,CG,CC,CT,AC,AC,CC,2075
CT,CC,CC,GT,AG,AA,TT,GG,CC,CT,AC,CC,CT,2077
TT,TT,CC,GT,GG,GG,TT,GG,CC,CC,CC,CC,CC,2080
TT,CT,CC,GG,GG,GG,TT,GG,CC,CC,CC,CC,CC,2099
TT,CC,TC,GG,GG,AG,TT,missing,CC,CC,CC,CC,CC,2101
TT,CC,CT,TT,GG,GG,TT,GG,CC,CC,CC,CC,CC,2116
missing,missing,missing,missing,missing,missing,missing,missing,missing,missing,missing,missing,missing,2133
CC,CC,CT,GG,AA,GG,CT,GG,CC,TT,AC,AC,CC,2153
TT,,CC,GT,GG,AG,TT,GG,CC,CT,CC,CC,CT,2158
TT,CC,CC,TT,GG,GG,TT,GG,CC,CT,CC,CC,CC,2166
TT,CC,CC,TT,GG,AA,TT,GG,CC,CC,CC,CC,CC,2177
CT,CC,CT,GG,AG,AA,TT,GG,CC,CC,CC,CC,CC,2183
TT,TT,CC,GT,GG,GG,TT,GG,CC,CC,CC,CC,CC,1588
TT,CT,CC,GT,GG,AG,TT,GG,CC,CC,CC,CC,CC,2202
TT,TC,TC,TG,GG,AG,TT,missing,CC,CC,CC,CC,CC,2203
TC,CC,CC,TG,AG,AA,TC,missing,CC,,AC,AC,TT,2207
missing,CC,CT,GG,AG,GG,CT,GG,CT,CC,AC,AC,CC,2212
CC,CC,CC,GG,AA,AG,CC,GG,CC,CC,AA,AC,CC,2217
CT,CC,CC,GG,AG,AG,CT,CG,CC,CT,AC,CC,CT,2725
missing,missing,missing,missing,missing,missing,missing,missing,missing,missing,missing,missing,missing,1472
CC,CC,CT,GG,AA,GG,CT,GG,CC,CC,AC,AC,CC,2236
TT,CT,CC,GT,GG,AG,TT,GG,CC,TT,CC,CC,CT,2238
CT,CC,CC,GG,AG,GG,TT,CC,CC,CT,CC,CC,CC,2239
TT,CT,CT,GT,GG,GG,TT,GG,CC,CT,AC,CC,CT,2249
missing,CC,CC,TT,GG,GG,TT,GG,CC,CC,CC,CC,CC,2274
missing,missing,missing,missing,missing,missing,missing,missing,missing,missing,missing,missing,missing,2275
CT,CT,CC,GT,AG,AG,CT,GG,CT,CC,AC,AC,CC,2276
TT,CC,CC,GT,GG,GG,TT,GG,CC,CT,CC,CC,CT,2278
CT,CC,CC,GT,AG,AA,CT,GG,CC,CT,CC,CC,CC,2279
TT,CT,CC,GG,GG,GG,TT,GG,CC,CC,CC,CC,CC,2288
TT,TT,CC,GG,GG,GG,TT,GG,CC,CC,CC,CC,CC,2291
TT,CT,CC,TT,GG,AA,TT,CG,CC,CC,CC,CC,CC,2297
missing,missing,missing,missing,missing,missing,missing,missing,missing,missing,missing,missing,missing,2304
TT,,CT,TT,GG,GG,TT,GG,CC,CC,CC,CC,CC,2307
missing,missing,missing,missing,missing,missing,missing,missing,missing,missing,missing,missing,missing,2316
CT,CT,CC,GT,AG,AG,TT,GG,CC,TT,AC,CC,CT,2314
TT,CT,CC,GT,GG,AG,TT,GG,CC,CT,CC,CC,CT,2339
CT,CT,CC,GT,AG,AG,CT,GG,CT,CC,AC,AC,CC,2350
TC,CC,TC,TG,AG,AG,TT,missing,CC,TC,AC,CC,TC,2358
TT,CC,CT,GG,GG,GG,TT,GG,CC,CT,AC,CC,CT,2361
CT,CC,CT,GT,AG,GG,CT,GG,CC,CT,AC,CC,CC,2362
CT,CT,CC,TT,AG,GG,CT,GG,CT,CC,AC,AC,CC,2371
TT,CC,CC,GT,GG,AG,TT,GG,CC,CC,CC,CC,CC,2367
TT,TC,TC,TG,GG,GG,TT,missing,TC,CC,CC,CC,CC,2393
missing,TT,TT,GT,GG,GG,TT,GG,CC,CT,CC,CC,CC,210
TC,TC,CC,missing,AG,GG,TC,missing,CC,CC,AC,CC,CC,5359
CT,CC,CC,GG,AG,GG,CT,GG,CT,CC,AA,AC,CC,2402
TT,TT,CC,GT,GG,AG,TT,GG,CC,CC,CC,CC,CC,2412
TT,TT,CC,GT,GG,AG,TT,GG,CC,CC,CC,CC,CC,898
TT,TT,TT,GT,GG,AG,TT,GG,CC,CC,CC,CC,CC,909
CC,CC,CC,GG,AA,GG,TT,CG,CC,CT,CC,CC,CC,920
CT,CC,CC,TT,AG,GG,CT,GG,CC,CC,AC,CC,CC,922
CT,TC,TC,GG,AG,AG,CT,missing,CC,TT,AC,CC,CC,994
TC,CC,CC,TG,AG,AG,TC,missing,CC,TC,CC,AC,CC,3050
missing,missing,missing,missing,missing,missing,missing,missing,missing,missing,missing,missing,missing,512
CC,CC,TC,GG,AA,AG,CC,missing,CC,TT,AC,CC,TC,1078
TT,CT,CC,GT,GG,GG,TT,GG,CC,CC,CC,CC,CC,1196
CT,CC,CC,GT,AG,GG,TT,GG,CC,CT,CC,CC,CC,1209
CT,CT,CC,GT,AG,GG,CT,GG,CC,CT,AC,CC,CC,862
CT,,CC,GG,AG,AG,CT,GG,CT,CC,AC,AC,CC,1233
TT,CT,CT,GT,GG,AA,TT,GG,CT,CT,CC,CC,CC,2797
TT,CC,CC,GT,GG,GG,TT,GG,CC,CC,CC,CC,CC,2826
TT,CC,missing,missing,missing,missing,missing,missing,CC,CC,CC,CC,CC,2839
CT,CC,CT,TT,AG,AG,TT,GG,CC,CC,CC,CC,CC,2841
TT,CT,CC,GT,GG,AG,TT,CG,CC,CC,CC,CC,CC,1221
CC,CC,CC,GG,AA,GG,CT,CC,CC,TT,AC,AC,TT,1566
TC,CC,CC,GG,AG,AG,TT,missing,CC,TT,CC,CC,TC,2729
TC,CC,missing,missing,missing,missing,missing,missing,CC,CC,CC,CC,CC,2732
TT,,CT,GT,GG,GG,TT,CG,CC,CC,CC,CC,CC,2739
TT,TC,CC,GG,GG,AG,TT,missing,TC,CC,AC,CC,CC,2748
TC,TC,CC,missing,AG,GG,TT,missing,CC,TC,AC,CC,TC,6599
CT,CT,CC,GT,AG,AA,CT,CG,CC,CT,AC,AC,CT,2421
TT,CC,CT,GT,GG,GG,TT,GG,CC,CC,CC,CC,CC,2453
TT,CT,CC,GT,GG,GG,TT,GG,CC,CC,CC,CC,CC,2454
CT,CC,CC,GG,AG,GG,CT,GG,CC,CC,AC,CC,CC,2455
CT,CC,CC,GT,AG,AG,CT,GG,CT,CC,AC,AC,CC,2457
TT,TT,CC,GT,GG,AG,TT,GG,CC,CC,CC,CC,CC,2498
TT,CC,CC,TT,GG,GG,TT,GG,CC,CC,CC,CC,CC,2512
CC,CC,CC,GG,AA,GG,CC,CG,CT,CT,AA,AC,CC,2513
TT,TT,TT,GG,GG,GG,TT,GG,CC,CC,CC,CC,CC,2858
TT,CC,CC,TT,GG,AG,TT,GG,CC,CC,CC,CC,CC,2881
CT,CT,CT,GT,AG,AG,CT,GG,CT,CC,AC,CC,CC,2456
CC,CC,CC,GG,AA,GG,CC,CC,CC,CC,AA,AA,CC,2535
CC,CC,CC,GT,AA,AG,CT,GG,CT,CT,AC,CC,CT,2901
CC,CC,CC,TT,AA,AG,CC,GG,CC,TT,AC,AC,CT,2542
CT,missing,missing,missing,missing,missing,missing,CG,missing,missing,missing,missing,missing,2856
CT,CC,CC,GG,AG,GG,CT,GG,CT,CC,AC,AC,CC,2886
TT,TT,CC,GT,GG,GG,TT,GG,CC,CC,CC,CC,CC,2890
TT,CT,CC,GT,GG,AG,TT,GG,CC,CC,CC,CC,CC,2920
TT,CC,CT,GG,GG,GG,TT,CG,CC,CC,CC,CC,CC,2980
CC,CC,CC,GG,AA,AG,CT,CG,CT,CC,AA,AC,CC,2949
TT,TT,CC,TT,GG,AG,TT,GG,CC,CT,CC,CC,CC,2958
CC,CC,CC,GT,AA,GG,CC,,CC,CT,AA,AC,CT,2960
CC,CC,CC,TT,AA,GG,CT,CC,CC,CC,AC,AC,CC,2966
TT,CC,CC,GT,GG,GG,TT,GG,CC,CT,CC,CC,CT,2874
CT,CC,CC,GT,AG,GG,TT,GG,CC,CC,CC,CC,CC,2998
TT,TC,CC,missing,GG,GG,TT,missing,CC,TC,CC,CC,CC,9413
CT,,CT,TT,AG,GG,CT,GG,CT,CC,AC,AC,CC,3018
TC,TC,CC,GG,AG,GG,TC,missing,CC,TC,AC,AC,TC,3015
TT,CC,CC,GG,GG,AG,CT,GG,CC,CC,CC,CC,CC,3034
missing,missing,missing,missing,missing,missing,missing,missing,missing,missing,missing,missing,missing,3043
CT,CC,CT,TT,AG,GG,CT,GG,CC,TT,CC,CC,CT,3046
CT,CT,CC,GG,AG,GG,CT,CG,CC,TT,AC,CC,CT,3048
CT,CT,CC,GT,AG,AG,CT,GG,CC,CT,AC,AC,CC,3069
CT,CC,CT,GG,GG,AA,TT,GG,CC,CC,CC,CC,CC,3078
CT,CC,CC,GG,AG,GG,CT,CC,CC,CT,CC,CC,CC,3085
CC,CC,missing,missing,missing,missing,missing,missing,CC,TC,AA,CC,TC,3087
CT,CT,CC,GG,AG,GG,CT,CG,CC,CC,AC,CC,CC,3090
TT,TT,missing,missing,missing,missing,missing,missing,CC,TT,CC,CC,CC,3097
CT,CC,CC,GT,AG,GG,CT,GG,CC,TT,AC,CC,CT,3104
CT,CC,CT,GG,AG,GG,CT,GG,CC,CT,CC,CC,CT,3111
CT,CC,CC,GT,AG,GG,CT,GG,CC,CC,AC,CC,CC,3113
CC,CC,CC,GT,AA,GG,CT,CC,CC,TT,AA,CC,CC,3122
TC,TC,CC,TG,AG,AG,TC,missing,CC,TT,CC,CC,CC,3124
missing,CT,CC,GG,GG,GG,TT,GG,CC,CC,CC,CC,CC,3129
missing,CC,CC,GT,AG,GG,CT,GG,CT,CC,AC,AC,CC,3130
CT,CT,CC,GT,AG,GG,CT,GG,CC,CT,AC,CC,CT,3137
CC,CC,CC,GG,AA,GG,CC,CC,CC,TT,AA,AC,CC,3108
CC,CC,CC,GG,AA,GG,CT,GG,CT,CC,AC,AC,CC,3140
CC,CC,CT,TT,AA,AG,CT,GG,CC,CT,CC,CC,CC,3145
missing,missing,missing,missing,missing,missing,missing,missing,missing,missing,missing,missing,missing,3160
TT,CT,CC,GT,GG,AG,TT,CG,CC,CT,CC,CC,CT,3167
TC,TC,missing,missing,missing,missing,missing,missing,CC,CC,CC,CC,CC,4667
TT,CT,CT,GG,GG,AG,TT,GG,CC,CT,AC,CC,CT,5098
TT,TT,CT,GT,GG,GG,TT,GG,CC,CC,CC,CC,CC,3176
TT,CT,CT,TT,GG,GG,TT,GG,CC,CT,CC,CC,CC,3179
missing,missing,missing,missing,missing,missing,missing,missing,missing,missing,missing,missing,missing,3192
TT,CC,CC,GT,GG,GG,TT,GG,CC,CC,CC,CC,CC,3193
CT,CC,CC,GG,AG,AG,CT,GG,CC,CT,AC,CC,CT,3196
CT,CT,CC,TT,AG,GG,CT,GG,CC,CC,AC,CC,CC,3197
TC,TC,missing,missing,missing,missing,missing,missing,CC,CC,CC,CC,CC,3199
TT,CC,CC,GT,GG,GG,TT,GG,CC,CT,CC,CC,CC,3206
TT,TT,CC,GT,GG,AG,TT,GG,CC,CC,CC,CC,CC,3216
TT,TT,missing,missing,missing,missing,missing,missing,CC,TC,CC,CC,CC,3224
missing,missing,missing,missing,missing,missing,missing,missing,missing,missing,missing,missing,missing,3234
TT,CC,CC,GT,GG,GG,TT,GG,CC,CC,CC,CC,CC,3244
TT,CT,CT,GT,GG,GG,TT,GG,CC,CT,CC,CC,CC,3248
TT,CT,CC,GT,GG,GG,TT,GG,CC,CC,CC,CC,CC,3265
TC,TC,missing,missing,missing,missing,missing,missing,CC,CC,AC,CC,CC,3267
TT,CC,CC,TT,GG,AG,TT,GG,CC,CC,CC,CC,CC,3275
TT,CT,CC,TT,GG,AG,TT,GG,CC,CC,CC,CC,CC,3280
TT,CT,CC,GG,GG,GG,TT,GG,CC,CC,CC,CC,CC,3289
CC,CC,CC,GG,AA,GG,CC,missing,CC,TC,AC,CC,CC,3301
CT,CC,CC,GT,AG,AG,TT,GG,CC,CT,AC,CC,CT,3304
TT,CC,CC,GG,GG,GG,TT,GG,CC,CT,CC,CC,CC,3321
TT,CC,TT,GT,GG,AA,TT,GG,CT,CT,CC,CC,CC,3324
CT,CC,CC,GT,AG,GG,CT,GG,CT,CT,AA,AC,CT,3326
CC,CC,CC,TT,AA,AG,CC,GG,CT,CC,AA,AC,CC,3335
TT,CT,CC,GT,GG,GG,TT,CG,CC,CT,CC,CC,CC,3341
CT,CT,CC,GT,AG,GG,CT,GG,CT,CC,AC,AC,CC,3343
TT,CT,CC,TT,GG,GG,TT,GG,CC,CT,AC,CC,CT,3344
CT,CT,missing,missing,missing,missing,missing,missing,CC,CT,AC,CC,CT,5362
CC,CC,missing,missing,missing,missing,missing,missing,TC,TC,AA,AC,CC,3357
CC,CC,CC,GT,AA,GG,TT,CC,CC,TT,AC,CC,TT,3364
CT,CT,CC,GT,AG,GG,TT,GG,CC,CC,CC,CC,CC,3340
missing,missing,missing,missing,missing,missing,missing,missing,missing,missing,missing,missing,missing,3370
CC,CC,CC,GG,AA,GG,CC,CG,CC,TT,AC,CC,TT,3375
TC,TC,missing,missing,missing,missing,missing,missing,CC,TT,CC,CC,TC,3381
TC,CC,TC,TG,AG,AA,TC,missing,CC,TC,CC,CC,CC,3393
CT,CC,CC,GT,AG,AA,CT,CG,CT,CT,AC,AC,CT,3394
CT,CC,CC,GT,AG,AG,CT,GG,CC,CC,CC,AC,CC,3395
TC,TC,missing,missing,missing,missing,missing,missing,CC,CC,AC,AC,CC,3397
CT,CC,CC,GT,AG,AG,TT,GG,CC,CT,AC,CC,CT,3399
CT,CC,CC,GT,AG,AG,CT,GG,CT,CT,AC,AC,CT,3417
TT,CT,CC,TT,GG,GG,TT,GG,CT,CT,CC,CC,CC,3422
missing,missing,missing,missing,missing,missing,missing,missing,missing,missing,missing,missing,missing,3423
TT,TT,CC,TT,GG,GG,TT,GG,CC,CT,CC,CC,CC,3449
CT,CT,CT,GT,AG,GG,TT,GG,CC,CC,CC,CC,CC,3454
CT,CC,CC,TT,AG,GG,TT,CG,CC,CT,CC,CC,CT,3468
CT,CC,CC,TT,AG,AG,CT,GG,CC,CT,CC,AC,CC,3478
CC,CC,CC,GG,AA,GG,CC,GG,CC,CT,AC,AC,CT,3486
TT,CC,CC,GT,GG,AA,TT,GG,CC,CC,CC,CC,CC,3494
CT,CT,CC,GG,AG,GG,TT,CG,CC,CC,CC,CC,CC,3499
TT,CT,CC,GG,GG,GG,TT,GG,CC,CT,CC,CC,CC,3532
TT,CT,TT,GT,GG,GG,TT,GG,CC,CC,CC,CC,CC,3531
missing,missing,missing,missing,missing,missing,missing,missing,missing,missing,missing,missing,missing,991
TT,CT,CC,GT,GG,GG,TT,GG,CC,CT,CC,CC,CC,3543
CC,CC,CC,GT,AA,GG,CT,CG,CC,CT,AC,AC,CT,298
TT,CC,CC,GG,GG,GG,TT,GG,CC,CC,CC,CC,CC,3569
TC,TC,missing,missing,missing,missing,missing,missing,TC,CC,CC,CC,CC,3571
TT,TT,CC,GG,GG,GG,TT,CC,CC,CT,CC,CC,CC,3581
CT,CT,CC,GT,AG,GG,CT,GG,CC,CT,AC,CC,CT,3582
TT,TT,missing,missing,missing,missing,missing,missing,CC,TC,CC,CC,CC,3595
CT,CC,CC,TT,AG,AG,CT,GG,CC,CT,CC,CC,CC,3598
TT,CT,CT,GT,GG,AG,TT,GG,CC,CC,CC,CC,CC,3605
TT,CC,CC,GG,GG,AG,TT,missing,CC,CC,CC,CC,CC,5099
TT,CT,TT,GT,GG,AG,TT,GG,CC,CC,CC,CC,CC,3611
CC,CC,CC,GG,AA,AG,TT,CG,CC,CT,CC,CC,CC,3615
CT,CT,CC,GT,AG,AG,TT,GG,CC,CT,AC,CC,CT,3622
TT,TT,CC,GG,GG,AG,TT,missing,CC,CC,CC,CC,CC,3624
CT,CT,CC,TT,AG,AG,CT,GG,CT,CC,AC,AC,CC,3625
TT,TT,CT,GT,GG,GG,TT,GG,CC,CC,CC,CC,CC,3642
TT,CT,CC,GT,GG,AG,TT,GG,CC,CC,CC,CC,CC,3643
TT,CC,CC,TT,GG,GG,TT,GG,CC,CC,CC,CC,CC,3644
TT,,CC,TT,GG,AG,TT,GG,CC,CT,AC,CC,CT,3655
TT,CC,CC,TG,GG,AG,TT,missing,CC,TC,CC,CC,CC,3660
TT,TT,CC,GG,GG,GG,TT,missing,CC,CC,CC,CC,CC,3688
TT,CC,CC,GG,GG,AG,TT,GG,CC,CT,AC,CC,CT,3682
TT,CC,CC,GT,GG,GG,TT,GG,CC,CC,CC,CC,CC,3706
missing,missing,missing,missing,missing,missing,missing,missing,missing,missing,missing,missing,missing,3713
TT,CT,CT,GT,GG,AG,TT,GG,CC,CC,CC,CC,CC,3724
CT,CC,CC,GT,AG,GG,TT,GG,CC,CT,CC,CC,CT,3728
TT,TC,CC,GG,GG,GG,TT,missing,CC,CC,CC,CC,CC,3733
TT,TT,CC,TG,GG,GG,TT,missing,CC,CC,CC,CC,CC,3767
TT,TT,missing,missing,missing,missing,missing,missing,CC,TT,CC,CC,CC,3782
TT,CT,CC,GT,GG,GG,TT,GG,CC,CT,CC,CC,CT,3786
TT,CT,CT,GG,GG,GG,TT,GG,CC,CC,CC,CC,CC,3788
TT,CC,CC,TT,GG,GG,TT,CG,CC,CC,CC,CC,CC,3806
missing,missing,missing,missing,missing,missing,missing,missing,missing,missing,missing,missing,missing,3813
TT,TT,TC,GG,GG,AG,TT,GG,CC,CC,CC,CC,CC,10097
CC,CC,CC,GG,AA,GG,CC,CC,CC,TT,AA,AC,CC,3904
TT,CC,CC,GG,GG,AG,TT,missing,CC,CC,CC,CC,CC,3886
TT,CC,CC,TG,GG,AG,TT,missing,CC,CC,CC,CC,CC,3971
CC,CC,CC,TT,AA,GG,CT,GG,CT,CC,AC,AC,CC,3964
TT,CT,CC,GG,GG,GG,TT,GG,CC,CC,CC,CC,CC,3967
TT,CC,CC,TT,GG,AG,TT,CG,CC,CC,CC,CC,CC,3954
TT,TT,CC,GT,GG,AG,TT,GG,CC,CC,CC,CC,CC,3865
TT,CC,CC,GG,GG,GG,TT,GG,CC,CC,CC,CC,CC,3834
TC,TT,CC,GG,GG,AG,TT,missing,TT,CC,CC,CC,CC,3833
missing,CT,CC,GT,GG,GG,TT,GG,CC,CC,CC,CC,CC,3942
CC,CC,CC,GT,AA,GG,CC,CG,CC,CT,AA,CC,CC,3934
CT,CC,CC,GT,AG,AA,CT,GG,CC,CT,CC,AC,CC,500
CC,CC,CC,GT,AA,GG,CT,CC,CC,TT,AC,CC,CT,3922
CT,CC,CC,TT,AG,GG,CT,GG,CC,CC,CC,AC,CC,3921
CC,CC,CT,GT,AA,GG,CT,GG,CC,CT,CC,CC,CC,3913
TC,CC,CC,TG,AG,AG,TC,missing,TC,CC,AC,CC,CC,4042
CT,CC,CC,GT,AG,GG,CT,GG,CC,CT,AC,CC,CT,4018
TT,CT,CC,GT,GG,AG,TT,GG,CC,TT,AC,CC,CC,4009
TT,TT,missing,missing,missing,missing,missing,missing,CC,CC,CC,CC,CC,3993
CT,CC,CC,TT,AG,AG,TT,CG,CC,CT,CC,CC,CT,4048
CC,CC,CC,GG,AA,GG,CC,CC,CC,TT,AC,CC,TT,4034
missing,missing,missing,missing,missing,missing,missing,missing,missing,missing,missing,missing,missing,4012
missing,missing,missing,missing,missing,missing,missing,missing,missing,missing,missing,missing,missing,4010
CC,CC,CC,GT,AA,GG,CT,CG,CC,CT,AC,CC,CC,4006
TT,CT,CT,TT,GG,GG,TT,GG,CC,CC,CC,CC,CC,4055
CT,CT,CC,TT,AG,AG,CT,GG,CT,CC,AC,AC,CC,4095
TT,TT,CC,TT,GG,AG,TT,GG,CC,CC,CC,CC,CC,4080
TC,TC,TC,GG,AG,GG,TC,missing,TC,CC,AC,AC,CC,4064
TT,TT,CC,GT,GG,GG,TT,GG,CC,CC,CC,CC,CC,4056
CC,CC,CC,GT,AA,GG,CC,CC,CC,TT,AA,AC,CT,4057
TT,TT,CC,GT,GG,GG,TT,CG,CC,CC,CC,CC,CC,4030
CC,CC,CC,GG,AA,AG,CC,GG,CT,CC,AC,AC,CC,3979
CT,CC,CC,GT,AG,AG,TT,GG,CC,CC,CC,CC,CC,3853
CC,CC,CC,GG,AA,GG,CC,CC,CC,TT,AC,CC,TT,3931
TT,TT,CC,TT,GG,AA,TT,GG,CC,CT,CC,CC,CC,3908
TT,CC,CC,GG,GG,AG,TT,CG,CC,CC,CC,CC,CC,3882
CT,CT,CC,GG,AG,AG,CT,GG,CC,CT,CC,CC,CC,3883
TT,CT,CC,GT,GG,GG,TT,GG,CC,CC,CC,CC,CC,3881
CC,CC,TT,GG,AA,GG,CC,GG,TT,CC,AA,AA,CC,4147
TT,CC,TT,GG,GG,GG,TT,GG,CC,CT,CC,CC,CC,4143
CT,CT,CC,GT,AG,GG,CT,GG,CC,CT,AC,AC,CT,4127
TT,CT,CC,GT,GG,AG,TT,GG,CC,CC,CC,CC,CC,4173
TT,CT,CC,TT,GG,GG,TT,GG,CT,CC,CC,CC,CC,4159
CT,CC,CC,GG,AG,GG,TT,GG,CC,CT,AC,CC,CT,4671
CT,CT,CT,GT,AG,GG,CT,CG,CC,TT,CC,CC,CC,4178
CT,CC,CC,GG,AG,GG,CT,GG,CC,CC,AC,AC,CC,4672
TT,CT,CT,GG,GG,GG,TT,GG,CC,CT,CC,CC,CC,3821
CT,CT,CC,GG,AG,GG,CT,GG,TT,CC,AC,AC,CC,4194
TT,CC,CC,TT,GG,AG,TT,missing,CC,CC,CC,CC,CC,4204
TT,CT,CC,GT,GG,AA,TT,GG,CC,CT,CC,CC,CC,4212
TT,CC,missing,missing,missing,missing,missing,missing,CC,CC,CC,CC,CC,4213
TT,CT,CT,GG,GG,AA,TT,GG,CC,CT,CC,CC,CC,4215
TT,TC,CC,TG,GG,GG,TT,missing,CC,TC,CC,CC,CC,4224
CC,CC,TT,TG,AA,GG,CC,missing,CC,TC,AA,CC,TC,4235
CT,CC,CC,GG,AA,AG,TT,CG,CC,CC,CC,CC,CC,4241
TT,TC,TC,TG,GG,AG,TT,missing,CC,CC,CC,CC,CC,5103
TT,CC,CT,GT,GG,AG,TT,CG,CC,CT,AC,CC,CT,4245
CT,CC,CC,GT,AG,GG,CT,GG,CT,CC,AC,AC,CC,4248
CT,CC,CC,GG,AG,GG,TT,GG,CT,CT,CC,CC,CC,4251
CT,CT,CT,GT,AG,AG,CT,CG,CC,CT,AC,CC,CT,4258
missing,missing,missing,missing,missing,missing,missing,missing,missing,missing,missing,missing,missing,4271
CC,CC,CC,GT,AA,GG,TT,GG,CC,CC,CC,CC,CC,4290
CT,CT,CT,TT,AG,GG,CT,GG,CC,TT,AC,CC,CC,4482
CC,CC,CC,GT,AA,GG,CC,CG,CC,TT,AC,CC,CT,4320
TT,TC,missing,missing,missing,missing,missing,missing,CC,TC,AC,CC,TC,4360
CC,CC,CT,TT,AA,AG,CT,GG,CT,CT,AC,AC,CT,4490
missing,missing,missing,missing,missing,missing,missing,missing,missing,missing,missing,missing,missing,4179
TC,CC,CC,GG,AG,AG,TT,missing,CC,CC,CC,CC,CC,4176
TT,TT,CT,TT,GG,GG,TT,GG,CC,CC,CC,CC,CC,4200
CT,CC,CC,GG,AG,GG,TT,GG,CC,TT,AC,AC,CC,4230
TT,TC,CC,GG,GG,GG,TT,GG,CC,CC,CC,CC,CC,9849
CT,CT,CC,TT,AG,GG,TT,CG,CC,CC,AC,CC,CC,4346
missing,missing,missing,missing,missing,missing,missing,missing,missing,missing,missing,missing,missing,4343
TT,,CC,GG,AG,AG,TT,GG,CC,CC,CC,CC,CC,3766
CT,CT,CC,GG,AG,AG,CT,GG,CC,CC,AC,AC,CC,3780
CT,CT,CC,GT,AG,AG,CT,GG,CT,CC,AC,AC,CC,4356
TT,CT,CT,GT,GG,GG,TT,GG,CC,CC,CC,CC,CC,4359
CT,CT,CT,GT,AG,AG,TT,GG,CT,CT,CC,CC,CC,4463
TT,CC,CC,GT,GG,GG,TT,GG,CC,CC,CC,CC,CC,4569
CC,CC,CC,GG,AA,GG,CC,CC,CC,TT,AA,CC,CT,4381
TT,CC,CC,GG,GG,AG,TT,CG,CC,CC,CC,CC,CC,4399
CC,CC,CT,GT,AA,GG,CC,GG,CT,CT,AC,AA,CT,4411
missing,missing,missing,missing,missing,missing,missing,missing,missing,missing,missing,missing,missing,1018
TT,TT,CC,GG,GG,AG,TT,GG,CC,CT,CC,CC,CC,925
missing,missing,missing,missing,missing,missing,missing,missing,missing,missing,missing,missing,missing,1050
CC,CC,CC,TT,AA,AA,CT,GG,CC,TT,AC,CC,CT,4428
TT,CC,TC,GG,GG,AG,TT,missing,CC,CC,CC,CC,CC,4430
TT,,CT,GT,GG,AG,TT,GG,CC,CT,CC,CC,CC,4499
TC,CC,CC,TT,AG,GG,TC,missing,CC,TC,CC,AC,TC,4502
CC,CC,CC,GT,AA,GG,CT,GG,CC,CC,AC,AC,CC,4507
,CC,TC,GG,GG,GG,TT,missing,TC,CC,CC,CC,CC,4538
CT,CC,CT,GG,AG,GG,CT,GG,CC,CT,AC,CC,CC,4539
TT,TT,TC,TG,GG,AA,TT,missing,CC,CC,CC,CC,CC,4568
TT,CT,CC,TT,GG,AG,TT,GG,CC,CT,AC,CC,CT,4438
TT,TT,CC,GT,GG,GG,TT,GG,CC,CC,CC,CC,CC,4547
CC,CC,CT,TT,AA,AG,CC,GG,CT,CT,AA,AC,CT,4549
TT,TC,CC,missing,GG,GG,TT,missing,CC,CC,CC,CC,CC,5107
CC,CC,CC,TT,AA,AG,CT,CG,CC,TT,AA,CC,CT,5723
CC,CC,CT,GT,AA,AG,CT,CC,CC,CC,AC,AC,CC,4577
TT,TT,CT,GG,GG,GG,TT,GG,CC,CC,CC,CC,CC,4587
TT,TT,CC,GT,GG,AG,TT,GG,CC,CC,CC,CC,CC,4594
TC,TC,CC,TT,AG,GG,TT,missing,CC,CC,CC,CC,CC,4597
TC,CC,CC,GG,AG,GG,TT,missing,CC,TC,CC,CC,TC,4598
TC,CC,CC,TT,AG,GG,TC,missing,CC,CC,AC,AC,CC,4602
TC,CC,CC,GG,AG,GG,TT,missing,CC,CC,AC,CC,CC,4604
CT,CT,CC,GT,AG,GG,CT,GG,CC,CT,AC,AC,CT,4605
TT,TC,missing,missing,missing,missing,missing,missing,CC,CC,CC,CC,CC,4613
CT,CC,CT,GT,AG,AG,CT,GG,CT,CT,AC,AC,CC,4621
CC,CC,CC,GT,AA,GG,CC,GG,CC,CC,AA,AC,CC,4580
TT,CT,CC,GG,GG,GG,TT,GG,CC,CC,CC,CC,CC,4679
CT,CT,CC,GT,AG,GG,TT,GG,CC,CT,AC,CC,CT,4680
TT,CC,CT,GT,GG,GG,TT,GG,CC,CC,CC,CC,CC,2074
TT,TC,missing,missing,missing,missing,missing,missing,CC,TC,CC,CC,CC,4754
TT,CT,CT,GG,GG,AA,TT,GG,CC,CC,CC,CC,CC,4756
CC,CC,CC,GT,AA,GG,CT,CG,CC,CT,AC,CC,CT,4758
TT,TC,missing,missing,missing,missing,missing,missing,CC,CC,CC,CC,CC,1426
TT,TT,CC,GG,GG,GG,TT,missing,CC,TC,CC,CC,CC,4732
TT,CC,CC,TT,GG,AG,TT,GG,CC,CC,CC,CC,CC,5257
TT,missing,CC,GT,GG,GG,TT,missing,CC,CC,missing,missing,missing,5258
CC,missing,CC,GT,AA,GG,TT,CG,CC,missing,CC,CC,missing,7610
CC,CC,CC,GG,AA,AG,CC,GG,CT,CC,AA,CC,CC,4632
CC,CC,missing,missing,missing,missing,missing,missing,CC,TT,AA,CC,CC,4644
CT,CT,CC,GG,AG,AG,CT,GG,CC,CC,AC,CC,CC,4646
TT,TT,CC,GT,GG,GG,TT,CG,CC,CT,CC,CC,CC,4694
TT,CT,CC,TT,GG,AG,TT,CG,CC,CC,CC,CC,CC,4695
TT,CT,CT,TT,GG,GG,TT,GG,CC,CC,CC,CC,CC,4648
CC,CC,missing,missing,missing,missing,missing,missing,TC,CC,AC,AC,CC,4652
TT,TT,CT,GG,GG,AG,TT,CG,CC,CC,CC,CC,CC,4712
CT,CC,CC,GT,AG,GG,TT,GG,CC,CC,CC,CC,CC,4715
TC,TC,CC,TT,AG,AG,TC,missing,CC,CC,CC,AC,CC,4796
TT,CT,CT,GG,GG,GG,TT,GG,CC,CC,CC,CC,CC,5155
TT,CT,CC,GG,GG,GG,TT,GG,CC,CC,CC,CC,CC,5168
TT,CC,CC,GG,GG,GG,TT,CG,CC,CC,CC,CC,CC,5180
CC,CC,CC,GT,AA,GG,CC,CG,CC,CT,CC,AC,CC,5195
TT,TC,TC,GG,GG,GG,TT,missing,CC,CC,CC,CC,CC,5199
CT,CC,CC,GT,AG,GG,CT,GG,CC,CC,AC,AC,CC,4797
CT,CT,CT,GT,AG,GG,CT,GG,CT,CC,AC,AC,CC,4801
CC,CC,CC,GT,AA,GG,CC,GG,CC,CT,AA,AC,CT,4814
CC,CC,CC,GG,AA,AG,CT,GG,CT,CC,AC,AC,CC,5146
TT,CC,CC,missing,GG,AG,TT,missing,CC,TT,AC,CC,TT,5154
TT,CT,CC,TT,GG,GG,TT,GG,CC,CT,AC,CC,CT,4825
CT,CT,CT,TT,AG,GG,CT,GG,CC,CT,CC,CC,CT,4833
TC,TC,TT,GG,AG,AA,TT,missing,CC,CC,CC,CC,CC,4834
CC,CC,CC,GT,AA,GG,CT,CC,CC,CT,AC,CC,CT,4851
TT,CC,missing,missing,missing,missing,missing,missing,CC,CC,CC,CC,CC,4832
CT,CT,CT,TT,AG,GG,TT,GG,CC,CC,CC,CC,CC,4837
CT,CT,CC,GT,AG,GG,CT,GG,CC,CT,AC,CC,CT,4859
TT,CT,CC,TT,GG,GG,TT,GG,CC,CC,CC,CC,CC,4879
CC,CC,missing,missing,missing,missing,missing,missing,TC,TC,AA,AC,TC,4880
TT,CT,CC,GT,GG,GG,TT,GG,CC,CT,AC,CC,CT,16
TT,TC,CC,GG,GG,AG,TT,missing,CC,TC,CC,CC,CC,4910
TT,TC,CC,TG,GG,GG,TT,missing,CC,CC,CC,CC,CC,5267
CC,CC,CC,GT,AA,AG,CC,GG,CC,TT,AC,CC,CT,5288
CC,CC,CC,GG,AA,AG,CT,CC,CT,CC,AC,AC,CC,5302
TT,TC,missing,missing,missing,missing,missing,missing,CC,CC,CC,CC,CC,4917
TT,TC,CC,missing,GG,GG,TT,missing,CC,TT,CC,CC,TC,5351
TT,CC,CC,TG,GG,GG,TT,missing,CC,CC,CC,CC,CC,4928
CT,CT,CT,GT,AG,AG,TT,GG,CC,CT,CC,CC,CT,4932
CT,CT,CC,GT,AG,AG,CT,GG,CT,CC,AC,AC,CC,4935
TT,missing,CT,GG,GG,GG,TT,GG,CC,missing,CC,CC,missing,7098
CC,CC,CC,GG,AA,AG,CC,GG,CC,CT,AC,CC,CT,4943
TT,TC,TC,TG,GG,GG,TT,missing,CC,TC,CC,CC,TC,4954
TT,TT,CC,GT,GG,GG,TT,GG,CC,CC,CC,CC,CC,4962
CT,CT,CT,GT,AG,AG,CT,GG,CC,CC,AC,CC,CC,5167
TT,TC,TC,TG,GG,GG,TT,missing,CC,CC,CC,CC,CC,5170
TT,TC,CC,missing,GG,GG,TT,missing,CC,CC,CC,CC,CC,5176
TT,CT,CC,GG,GG,AA,TT,GG,CC,CT,CC,CC,CT,5223
TT,missing,CC,GG,GG,GA,TT,missing,CT,CC,missing,missing,missing,5213
CT,CC,CC,GG,AG,GG,TT,GG,CC,CC,CC,CC,CC,5274
TT,CT,TT,GT,GG,GG,TT,GG,CC,CC,CC,CC,CC,5326
CC,CC,CT,GT,AA,GG,TT,CG,CT,CC,CC,CC,CC,5332
TC,TC,CC,missing,AG,AG,TC,missing,CC,TT,CC,CC,TC,7099
TT,CC,CC,TT,GG,GG,TT,GG,CC,CC,CC,CC,CC,4983
TT,CT,CC,GG,GG,AG,TT,GG,CC,CC,CC,CC,CC,4985
CT,CT,CC,GT,AG,GG,CT,GG,CC,CT,AC,CC,CT,4990
TT,TC,CC,missing,GG,AG,TT,missing,CC,TC,CC,CC,CC,4996
CT,CT,CT,TT,AG,GG,CT,GG,CC,CT,AC,CC,CC,4998
TT,TC,missing,missing,missing,missing,missing,missing,CC,CC,CC,CC,CC,5024
TT,TC,CC,missing,GG,AG,TT,missing,CC,CC,CC,CC,CC,5027
TT,TC,CC,GG,GG,GG,TT,missing,CC,CC,CC,CC,CC,5034
TC,CC,CC,missing,AG,GG,TC,missing,TC,CC,AC,AC,CC,5041
TT,CC,CT,GG,GG,AG,TT,GG,CC,CC,CC,CC,CC,5048
TT,TT,CC,GT,GG,GG,TT,GG,CC,CC,CC,CC,CC,5049
TT,TT,CT,TT,GG,GG,TT,GG,CC,CC,CC,CC,CC,5164
TT,CT,CT,GG,GG,GG,TT,GG,CC,CC,CC,CC,CC,5073
TT,CC,missing,missing,missing,missing,missing,missing,CC,CC,CC,CC,CC,5237
TT,CT,CC,GT,GG,GG,TT,GG,CC,CC,CC,CC,CC,5233
TT,TT,CC,GT,GG,GG,TT,GG,CC,CT,CC,CC,CC,5235
TT,CC,TT,GT,GG,GG,TT,GG,CC,CC,CC,CC,CC,5397
CT,CC,CC,GT,AG,AG,CT,GG,CC,CT,AC,CC,CT,5408
CT,CT,CC,GT,AG,AG,CT,GG,CC,CT,CC,CC,CC,5460
TT,CT,CC,GT,GG,GG,TT,GG,CC,CC,CC,CC,CC,5456
TT,TT,CC,GT,GG,GG,TT,GG,CC,CT,CC,CC,CC,5475
TT,TT,CT,GT,GG,GG,TT,GG,CC,CC,CC,CC,CC,5478
TT,missing,CC,GT,GG,GG,TT,missing,CC,CC,missing,missing,missing,5480
TT,CC,CC,GG,GG,GG,TT,GG,CC,CT,AC,CC,CT,5487
CC,CC,CC,GG,AA,GG,TT,missing,CC,TC,CC,CC,CC,5485
TT,TC,CC,missing,GG,GG,TT,missing,CC,CC,CC,CC,CC,5494
CT,CT,CT,GT,AG,GG,CT,GG,CT,CC,AC,AC,CC,5342
TT,CT,CT,GG,GG,AA,TT,GG,CC,CC,CC,CC,CC,949
CT,CC,CC,GG,AG,AG,TT,CC,CC,CC,CC,CC,CC,5185
TT,CT,CC,GG,GG,AG,TT,GG,CC,CC,CC,CC,CC,5425
TT,TT,CC,GT,GG,AA,TT,CG,CC,CC,CC,CC,CC,5432
TT,CT,CC,GT,GG,AG,TT,GG,CC,CC,CC,CC,CC,5447
TT,CT,CT,GT,GG,GG,TT,GG,CC,CC,CC,CC,CC,5495
TT,TT,TC,missing,GG,AA,TT,missing,CC,CC,CC,CC,CC,5501
TC,TC,CC,missing,AG,AG,TT,missing,CC,TC,AC,CC,TC,5506
TC,TC,TC,missing,AG,GG,TC,missing,CC,TC,AC,CC,TC,5728
TT,TC,missing,missing,missing,missing,missing,missing,CC,TC,AC,CC,TC,5514
CC,CC,TC,GG,AA,AG,CC,missing,CC,TT,AA,AC,TT,5768
TT,,CC,GG,GG,AG,TT,GG,CC,TT,CC,CC,CT,5820
CC,CC,CT,GG,AA,GG,CC,GG,CC,TT,AA,AA,TT,5830
CT,CT,CC,TT,AG,GG,CT,GG,CC,CT,AC,AC,CT,5833
CT,missing,TT,TT,AG,AA,CT,GG,CT,missing,AC,AC,missing,6731
TT,CT,CC,GG,GG,AG,TT,GG,CC,CC,CC,CC,CC,5850
missing,missing,missing,missing,missing,missing,missing,missing,missing,missing,missing,missing,missing,5853
CT,CC,CC,GT,AG,GG,TT,GG,CC,CT,CC,CC,CC,5515
TT,CT,CC,GT,GG,GG,TT,GG,CC,CT,CC,CC,CC,5743
TT,TC,TC,missing,GG,GG,TT,missing,CC,TC,CC,CC,TC,5790
TT,TT,missing,missing,missing,missing,missing,missing,CC,CC,CC,CC,CC,5792
TT,CT,CC,GT,GG,GG,TT,GG,CC,CC,CC,CC,CC,5800
CT,CT,CC,GT,AG,AG,CT,CG,CC,CC,CC,CC,CC,5803
CC,CC,missing,missing,missing,missing,missing,missing,CC,TT,AC,AC,TT,5810
CT,CT,CT,GT,AG,AG,CT,CG,CC,TT,AC,CC,CT,5529
CC,CC,CC,missing,AA,AG,TC,missing,CC,TT,AA,CC,CC,5531
TC,CC,CC,missing,AG,GG,TC,missing,CC,TC,CC,CC,CC,5536
TT,TT,CC,GT,GG,AG,TT,GG,CC,CC,CC,CC,CC,5540
TT,TT,missing,missing,missing,missing,missing,missing,CC,CC,CC,CC,CC,5573
TT,TC,CC,missing,GG,GG,TT,missing,CC,CC,CC,CC,CC,5628
TT,CC,CT,GT,GG,AG,TT,GG,CC,CC,CC,CC,CC,5629
missing,missing,missing,missing,missing,missing,missing,missing,missing,missing,missing,missing,missing,5641
CT,CT,CC,TT,AG,AG,CT,GG,CC,TT,AC,AC,TT,5557
TT,TT,CT,TT,GG,GG,TT,GG,CC,CC,CC,CC,CC,5568
TC,TC,TC,missing,AG,AG,TC,missing,TC,TC,CC,CC,CC,5581
TT,CT,CC,GG,GG,GG,TT,GG,CC,CT,AC,CC,CT,5582
CT,CT,CC,GT,AG,AG,CT,GG,CT,CT,AC,AC,CT,4735
TT,CT,CC,GG,GG,GG,TT,GG,CC,CC,CC,CC,CC,5612
TT,CT,CC,TT,GG,GG,TT,CG,CC,CC,CC,CC,CC,5613
TT,CT,CC,GT,GG,GG,TT,GG,CC,CC,CC,CC,CC,2969
CT,CC,CT,TT,AG,GG,CT,GG,CC,CT,CC,CC,CC,5745
TT,CT,missing,missing,missing,missing,missing,missing,CC,TT,CC,CC,CC,5859
TT,,TC,missing,GG,GG,TT,missing,CC,TC,CC,CC,CC,5659
TT,CC,CC,TG,GG,AA,TT,GG,CC,CC,CC,CC,CC,7613
TT,TT,missing,missing,missing,missing,missing,missing,CT,CC,CC,CC,CC,5666
TT,missing,CC,TT,GG,GG,TT,GC,CC,CC,CC,CC,CC,5672
CC,CC,CC,GT,AA,AG,CC,CG,CC,CC,AA,CC,CC,5675
TT,CT,CC,GG,GG,GG,TT,CG,CC,CC,CC,CC,CC,5683
TT,TT,CT,GT,GG,GG,TT,GG,CC,CC,CC,CC,CC,5701
TC,TC,TC,missing,AG,AG,TC,missing,TC,TC,CC,CC,TC,5709
CT,CT,CT,TT,AG,AG,CT,GG,CT,CC,AC,AC,CC,6115
TT,TC,TC,TT,GG,GG,TT,missing,CC,CC,CC,CC,CC,5775
TT,CT,CC,GT,GG,GG,TT,GG,CC,TT,CC,CC,CT,5821
TC,CC,CC,TG,AG,AG,TC,missing,CC,TC,AC,AC,TC,5826
CC,CC,CC,GG,AA,GG,TC,missing,CC,TT,AC,CC,TC,5867
TT,missing,CC,GT,GG,GG,TT,GG,CC,CC,CC,CC,CC,5868
CT,CC,CC,GG,AG,AG,TT,CG,CC,CT,CC,CC,CT,5881
TC,CC,CC,missing,AG,GG,TC,missing,CC,TC,AC,CC,CC,6117
CT,CC,CC,GG,AG,AG,CT,GG,CC,CC,CC,CC,CC,6120
CT,CC,CC,GT,AG,AG,TT,GG,CC,CT,CC,CC,CC,6124
TT,TC,CC,missing,GG,AG,TT,missing,CC,CC,CC,CC,CC,6127
TC,TC,TC,missing,AG,AG,TT,missing,TC,CC,CC,CC,CC,6131
TT,TC,missing,missing,missing,missing,missing,missing,CC,TC,CC,CC,CC,4738
TT,CT,CC,GT,GG,AG,TT,GG,CC,CC,CC,CC,CC,5884
TT,CC,missing,missing,missing,missing,missing,missing,CC,CC,CC,CC,CC,5888
TT,TC,CC,GG,GG,AG,TT,missing,CC,CC,CC,CC,CC,5895
TT,CC,CC,GG,GG,AG,TT,GG,CC,CT,CC,CC,CC,5900
TT,TT,CC,missing,GG,GG,TT,missing,CC,CC,CC,CC,CC,5221
TT,TT,missing,missing,missing,missing,missing,missing,CC,CC,CC,CC,CC,6191
CC,CC,missing,missing,missing,missing,missing,missing,CC,TT,AC,AC,TT,5912
CT,CC,CC,GG,AG,AG,TT,GG,CC,CC,CC,CC,CC,5924
missing,CT,TT,TT,GG,AG,TT,GG,CC,CT,AC,CC,CT,6187
TC,TC,missing,missing,missing,missing,missing,missing,CC,CC,CC,CC,CC,6184
TT,CC,CC,missing,GG,AG,TT,missing,CC,CC,CC,CC,CC,6189
CT,CT,CC,TT,AG,GG,CT,GG,CC,CC,AC,CC,CC,6192
TT,TC,CC,missing,GG,GG,TT,missing,CC,CC,CC,CC,CC,6296
TT,CT,CC,GT,GG,GG,TT,GG,CC,CT,CC,CC,CT,6206
TT,CC,missing,missing,missing,missing,missing,missing,CC,TC,AC,CC,TC,6228
CT,missing,CC,GG,AG,AA,CT,GG,CC,missing,AC,CC,missing,6617
TT,CC,TT,missing,GG,AG,TT,missing,CC,TC,CC,CC,CC,7103
TC,CC,CC,missing,AG,GG,TC,missing,TC,CC,AC,AC,CC,6633
TC,TC,TT,missing,AG,AG,TC,missing,TC,CC,AC,AC,CC,6634
TC,TC,CC,missing,AG,GG,TC,missing,CC,TT,AA,CC,TT,6020
CC,CC,CC,TG,AA,AG,TC,missing,CC,CC,AC,AC,CC,6085
CC,CC,CC,GT,AA,AG,TT,GG,CC,TT,CC,CC,CC,6484
CT,CT,TT,GG,AG,GG,CT,GG,CC,CT,CC,CC,CT,6491
CC,CC,CC,missing,AA,GG,TC,missing,CC,TT,AC,AC,TC,6493
TT,missing,CC,GT,GG,GG,TT,GG,CC,missing,CC,CC,missing,6545
TT,CC,CC,GG,GG,AG,TT,GG,CC,CC,CC,CC,CC,9862
TT,TC,TT,TT,GG,AG,TT,GG,CC,TC,AC,CC,TC,10106
TC,CC,TC,missing,AG,AG,TT,missing,CC,TC,AC,CC,TC,5961
CC,CC,CT,GG,AA,AG,CC,GG,CC,TT,AA,CC,TT,5973
CT,CC,missing,missing,missing,missing,missing,missing,CC,CT,CC,CC,CC,6316
TT,CT,CC,GG,GG,GG,TT,GG,CC,CT,CC,CC,CC,6335
TT,CC,TC,missing,GG,AG,TT,missing,CC,TC,CC,CC,CC,6341
TT,CT,CC,TT,GG,AG,TT,GG,CC,CC,CC,CC,CC,6005
CT,CC,CC,GT,AG,AA,CT,CG,CC,CT,AC,CC,CT,5989
TC,TC,CC,missing,AG,GG,TT,missing,CC,CC,CC,CC,CC,5998
TT,CT,CC,GT,GG,GG,TT,GG,CC,CC,CC,CC,CC,6269
CT,CC,CC,TT,AG,AG,CT,GG,CC,CT,AC,CC,CT,6013
TC,CC,TT,missing,AG,AG,TT,missing,CC,TC,CC,CC,CC,6274
TT,CT,CC,GG,GG,GG,TT,CG,CC,CC,CC,CC,CC,6284
TT,CT,CT,GG,GG,AG,TT,GG,CC,CC,CC,CC,CC,6285
TT,CT,CC,GT,GG,GG,TT,GG,CC,CT,AC,CC,CT,6035
TT,TT,CT,GG,GG,GG,TT,GG,CC,CC,CC,CC,CC,6042
missing,CC,CT,TT,GG,AG,TT,GG,CC,CC,CC,CC,CC,6045
TT,CT,missing,missing,missing,missing,missing,missing,CC,CC,CC,CC,CC,6056
CT,CT,CC,TT,AG,GG,CT,GG,CC,CT,AC,CC,CC,6064
CT,CC,CC,GG,AG,GG,CT,CG,CC,CC,AC,CC,CC,6065
TT,CC,CC,GT,GG,GG,TT,CG,CC,CT,AC,CC,CT,4941
CC,CC,CC,GG,AA,GG,CT,CC,CC,TT,AC,CC,TT,6074
TT,TC,CC,TG,GG,GG,TT,missing,CC,CC,CC,CC,CC,4304
TC,TC,CC,missing,AG,GG,TC,missing,TC,CC,AC,AC,CC,6221
CC,CC,CC,TG,AA,GG,CC,missing,TC,TC,AA,AA,TC,6235
TT,TT,CC,GT,GG,GG,TT,GG,CC,CC,CC,CC,CC,6238
CT,CT,CC,GT,AG,GG,CT,GG,CC,CT,AC,CC,CT,6249
TT,CT,CC,GG,GG,AG,TT,GG,CC,CC,CC,CC,CC,6351
CT,CC,CC,GT,AG,AA,CT,GG,CC,CC,AC,CC,CC,6356
CC,CC,CC,missing,AA,AG,TC,missing,CC,TT,AA,CC,TC,6093
CC,CC,TT,GG,AA,AA,TT,GG,CT,CT,AC,CC,CC,6103
TT,CC,TC,missing,GG,GG,TT,missing,CC,CC,CC,CC,CC,6105
TT,CC,TC,TG,GG,GG,TT,missing,CC,TC,CC,CC,CC,6108
CT,missing,CC,GT,AG,AA,CT,GG,CC,missing,CC,AC,missing,6363
TT,CC,CT,GT,GG,AG,TT,GG,CC,TT,AC,CC,TT,6367
CT,CT,CC,TT,AG,GG,CT,GG,CC,CC,CC,CC,CC,6381
TT,TT,missing,missing,missing,missing,missing,missing,CC,CC,CC,CC,CC,6387
TT,missing,CC,GT,GG,GG,TT,CG,CC,missing,CC,CC,missing,6483
CT,missing,CC,GG,AG,GG,TT,CG,CC,missing,AC,CC,missing,6560
CC,CC,CT,GG,AA,AG,TT,GG,CC,CT,AC,CC,CT,6573
CC,CC,CC,GT,AA,GG,CT,CG,CC,TT,AA,AC,TT,6589
CC,missing,CC,GG,AA,GG,CC,CG,CC,missing,CC,CC,missing,6583
TT,missing,CC,GT,GG,AG,TT,GG,CC,missing,CC,CC,missing,6677
TT,CC,CC,TT,GG,GG,TT,GG,CC,CT,AC,CC,CT,6690
CC,CC,missing,missing,missing,missing,missing,missing,CT,CC,AC,AC,CC,6695
TT,missing,CC,TT,GG,GG,TT,GG,CC,missing,AC,CC,missing,6699
CT,CT,missing,missing,missing,missing,missing,missing,CC,TT,AC,AC,CC,6704
CT,CC,CC,TT,AG,GG,TT,GG,CT,CT,CC,CC,CC,6706
CT,CC,CC,TT,AG,AG,CT,GG,CT,CT,AC,AC,CC,6721
CC,CC,CC,GT,AA,AG,CC,GG,CT,CT,AC,AA,CT,6733
CT,missing,CC,TT,AG,GG,CT,GG,CC,missing,AC,CC,missing,6734
TC,TC,CC,missing,AG,GG,TC,missing,TC,CC,AC,AC,CC,6738
TT,CT,CT,GT,GG,AA,TT,GG,CC,CC,CC,CC,CC,6758
missing,missing,missing,missing,missing,missing,missing,missing,missing,missing,missing,missing,missing,6793
CT,missing,CT,GT,AG,GG,CT,GG,CC,missing,CC,CC,missing,6810
CT,missing,CC,GG,AG,GG,TT,missing,CC,CT,missing,missing,missing,6815
TT,TT,CC,GG,GG,AG,TT,GG,CC,CC,CC,CC,CC,6832
CT,missing,CC,GG,AG,AA,CT,GG,CC,missing,AC,CC,missing,6851
CT,CC,CC,GT,AG,AG,TT,,CC,CC,CC,CC,CC,6858
CT,CC,CC,GT,AG,AG,CT,GG,CC,TT,AC,CC,CT,6859
TT,missing,CC,GT,GG,GG,TT,GG,CC,missing,CC,CC,missing,6866
CT,missing,CT,GG,AG,GG,CT,missing,CC,CT,missing,missing,missing,6869
CT,missing,CC,GT,AG,AG,CT,CG,CC,missing,AC,AC,missing,6873
CC,CC,missing,missing,missing,missing,missing,missing,CC,TT,AA,CC,TT,6874
missing,missing,missing,missing,missing,missing,missing,missing,missing,missing,missing,missing,missing,6879
TT,CT,missing,missing,missing,missing,missing,missing,CT,TT,CC,CC,CC,6885
CT,missing,CC,GT,AG,GG,CT,GG,CC,missing,AC,CC,missing,1885
TC,CC,missing,missing,missing,missing,missing,missing,CC,TC,AC,CC,TC,6908
TT,missing,CT,GG,GG,GG,TT,GG,CT,missing,CC,CC,missing,6910
CT,CT,missing,missing,missing,missing,missing,missing,CC,TT,AC,CC,CT,6923
TT,TT,TC,missing,GG,AA,TT,missing,CC,CC,CC,CC,CC,5633
TT,TT,TC,missing,GG,GG,TT,missing,CC,TC,AC,CC,TC,6927
TC,CC,CC,missing,AG,GG,TC,missing,CC,TC,AC,AC,TC,6934
TT,TC,CC,TT,GG,AG,TT,missing,CC,CC,CC,CC,CC,6935
CC,missing,CC,GT,AA,GG,CT,CC,CC,missing,AC,AC,missing,6936
TT,missing,CC,GT,GG,AG,TT,GG,CC,missing,CC,CC,missing,6943
TT,CT,CC,GG,GG,AG,TT,GG,CC,CC,CC,CC,CC,6971
CC,CC,CC,GT,AA,GG,TT,CC,CC,CT,AC,CC,CC,6981
TT,TT,CC,TT,GG,AG,TT,GG,CC,CC,CC,CC,CC,6989
CT,CT,CT,TT,AG,GG,CT,CG,CC,CC,AC,CC,CC,6993
CC,CC,CC,GT,AA,AG,CC,GG,CC,TT,AC,CC,CT,4185
TC,CC,missing,missing,missing,missing,missing,missing,CC,TC,CC,CC,CC,6959
TT,TC,CC,missing,GG,GG,TT,missing,CC,TC,CC,CC,CC,7011
TT,TT,CC,TT,GG,AG,TT,GG,CC,CC,CC,CC,CC,7014
TT,TT,missing,missing,missing,missing,missing,missing,CC,CT,CC,CC,CC,7019
CT,CC,CT,GG,AA,AG,TT,GG,CC,CT,CC,CC,CC,7020
TC,CC,CC,missing,AG,GG,TC,missing,CC,TC,AC,AC,TC,7028
CT,missing,CC,TT,AG,GG,TT,GG,CC,missing,CC,CC,missing,7047
CT,CT,CC,GT,AG,GG,TT,GG,CC,CT,CC,CC,CC,7055
TT,missing,CC,TT,GG,GG,TT,GG,CC,missing,CC,CC,missing,7053
TT,CT,CC,GT,GG,GG,TT,GG,CT,CC,CC,CC,CC,6248
TT,missing,CT,TT,GG,AG,TT,GG,CC,missing,CC,CC,missing,7072
CC,missing,CC,TT,AA,GG,CC,GG,CC,missing,AA,CC,missing,7080
TT,missing,CT,GG,GG,GG,TT,GG,CC,missing,CC,CC,missing,7082
TT,TT,CC,GT,GG,AA,TT,GG,CC,CT,CC,CC,CC,7089
CT,missing,CC,GG,AG,GG,CT,GG,CT,missing,AC,AC,missing,7092
TT,missing,CT,GT,GG,GG,TT,GG,CC,missing,CC,CC,missing,7114
CT,CC,missing,missing,missing,missing,missing,missing,CC,CT,AC,CC,CT,7616
TC,CC,TC,missing,AG,GG,TC,missing,CC,TC,AC,CC,TC,7134
CC,CC,CC,missing,AA,GG,CC,missing,CC,TT,AA,AC,TT,7141
CC,missing,CC,GT,AA,AG,CT,GG,CC,missing,AC,CC,missing,7144
CC,missing,CC,GT,AA,GG,CT,GG,CC,missing,AC,AC,missing,7153
CT,,CT,GT,AG,GG,TT,GG,CC,TT,AC,CC,TT,7155
CT,CC,CT,TT,AG,AA,CT,GG,CC,CT,AC,CC,CT,7156
TT,TT,CC,missing,GG,GG,TT,missing,CC,CC,CC,CC,CC,7184
TT,TC,CC,GG,GG,GG,TT,missing,CC,CC,CC,CC,CC,7189
TT,TC,CC,missing,GG,AA,TT,missing,CC,CC,CC,CC,CC,7190
CT,missing,CT,GG,AG,AG,TT,GG,CT,missing,CC,CC,missing,7195
TT,missing,CC,GT,GG,GG,TT,GG,CC,missing,CC,CC,missing,7198
TT,missing,CT,GT,GG,GG,TT,GG,CC,missing,CC,CC,missing,7199
CT,CT,CC,GG,AG,AA,CT,GG,CC,CT,AC,AC,CT,7214
TT,missing,CT,TT,GG,GG,TT,GG,CC,missing,CC,CC,missing,7218
TC,CC,CC,TT,AG,GG,TT,GC,CC,CC,CC,CC,CC,10260
TT,TC,CC,missing,GG,AG,TT,missing,CC,CC,CC,CC,CC,7228
TT,missing,CT,TT,GG,GG,TT,GG,CC,missing,CC,CC,missing,7232
TT,TT,CC,missing,GG,AG,TT,missing,CC,CC,CC,CC,CC,7244
TT,missing,CC,GT,GG,AG,TT,GG,CC,missing,CC,CC,missing,7252
TT,missing,CT,GT,GG,AG,TT,GG,CC,missing,AC,CC,missing,7266
CC,CC,missing,missing,missing,missing,missing,missing,CC,CT,AC,CC,CT,7267
TT,CT,CT,TT,GG,AG,TT,GG,CC,CT,CC,CC,CC,7636
TT,missing,CC,TT,GG,GG,TT,GG,CC,missing,CC,CC,missing,7292
CT,CT,CT,GT,AG,GG,CT,GG,CC,TT,CC,CC,CT,7285
TT,missing,CC,GT,GG,GG,TT,GG,CC,missing,CC,CC,missing,7280
TC,CC,CC,missing,AG,GG,TC,missing,CC,CC,AC,CC,CC,7297
TT,TT,TC,TG,GG,GG,TT,missing,CC,CC,CC,CC,CC,7307
CC,missing,CC,GT,AA,AG,CT,GG,CC,missing,CC,CC,missing,7312
TT,missing,CT,GT,GG,GG,TT,GG,CC,missing,CC,CC,missing,7320
TT,CT,CC,GT,GG,GG,TT,GG,CC,CC,CC,CC,CC,7322
TC,CC,CC,missing,AG,GG,TC,missing,CC,TC,AC,CC,TC,7339
TT,CT,CC,GT,GG,GG,TT,GG,CC,CT,CC,CC,CT,4897
CC,missing,CC,GG,AA,AA,CT,GG,CT,missing,AA,AC,missing,7358
CC,CC,CT,GG,AA,AG,CC,GG,CC,TT,AA,AC,TT,7360
CT,CT,missing,missing,missing,missing,missing,missing,TT,CC,AC,AC,CC,7372
CC,missing,CC,GT,AA,GG,CC,missing,CC,CC,missing,missing,missing,7362
TT,missing,CT,TT,GG,GG,TT,GG,CC,missing,CC,CC,missing,7639
CT,CC,CC,GT,AG,GG,TT,GG,CC,CT,AC,CC,CT,7611
TT,CC,missing,missing,missing,missing,missing,missing,CC,CC,CC,CC,CC,7732
CC,CC,CC,TG,AA,GG,TC,CC,CC,TT,AC,AC,TT,7733
TT,CC,CC,TT,GG,GG,TT,missing,CC,TC,CC,CC,CC,7376
CC,CC,missing,missing,missing,missing,missing,missing,CC,TT,AC,AC,TT,7377
TC,TC,TC,missing,AG,GG,TC,missing,CC,TC,AC,CC,TC,7622
TT,missing,CC,TT,GG,GG,TT,GG,CC,missing,CC,CC,missing,7657
TT,missing,CT,GT,GG,GG,TT,GG,CC,missing,CC,CC,missing,7393
TT,TC,missing,missing,missing,missing,missing,missing,CC,CC,CC,CC,CC,7688
TT,TT,TC,TT,GG,GG,TT,GG,CC,CC,CC,CC,CC,7693
TT,CC,CC,missing,GG,AG,TT,missing,CC,CC,CC,CC,CC,7345
TT,TC,CC,missing,GG,GG,TT,missing,TC,TC,CC,CC,CC,7454
CC,CC,missing,missing,missing,missing,missing,missing,CC,TT,CC,CC,CT,7465
TT,missing,CC,GG,GG,GG,TT,CG,CC,missing,CC,CC,missing,7466
TT,TC,TC,missing,GG,GG,TT,missing,CC,CC,CC,CC,CC,7470
CT,CT,CC,GG,AG,GG,TT,GG,CC,CT,AC,AC,CC,7471
CT,CT,CC,TT,AG,GG,TT,GG,CC,CC,CC,CC,CC,7475
CT,missing,CT,TT,AG,GG,TT,GG,CC,missing,CC,CC,missing,7485
TC,TC,CC,missing,AG,GG,TC,missing,CC,TC,AC,AC,TC,7498
TT,missing,TC,GG,GG,AG,TT,CC,CC,CC,CC,CC,CC,7493
TT,CC,CT,GT,GG,GG,TT,GG,CC,CC,CC,CC,CC,7510
CC,CC,missing,missing,missing,missing,missing,missing,CC,CC,AA,AC,CC,7538
CC,CC,CC,GT,AA,AG,CC,GG,CC,TT,AA,CC,TT,7547
missing,missing,missing,missing,missing,missing,missing,missing,missing,missing,missing,missing,missing,7549
CT,CC,CC,GT,AG,GG,TT,GG,CC,TT,AC,CC,CT,7565
TT,TC,TC,missing,GG,GG,TT,missing,CC,CC,CC,CC,CC,7567
TT,CT,TT,GG,GG,AG,TT,GG,CC,CT,AC,CC,CT,7568
TC,TC,CC,missing,AG,GG,TC,missing,CC,CC,CC,CC,CC,7561
TC,TC,TC,missing,AG,GG,TC,missing,CC,TC,AC,CC,CC,7569
CT,CC,CC,GG,AG,GG,TT,GG,CC,TT,CC,CC,CT,5263
CT,CC,CT,GG,AG,GG,CT,GG,CC,CT,AC,CC,CT,7585
CT,CT,missing,missing,missing,missing,missing,missing,CC,CT,CC,CC,CT,7597
TT,CT,missing,missing,missing,missing,missing,missing,CC,CC,CC,CC,CC,7163
TT,missing,CC,GG,GG,GG,TT,GG,CC,CC,CC,CC,CC,7701
CT,CT,missing,missing,missing,missing,missing,missing,CC,CT,CC,CC,CT,7708
TT,TC,CC,missing,GG,AG,TT,missing,CC,CC,CC,CC,CC,7753
CT,CT,CC,TT,AG,GG,CT,GG,CC,CC,AC,CC,CC,7759
CT,CT,CC,GT,AG,GG,CT,GG,CT,CC,AC,AC,CC,7761
TC,TC,CC,GG,AG,GG,TT,GG,CC,CC,AC,CC,CC,7763
CC,CC,TC,TG,AA,GG,TC,GG,TC,CC,AC,AC,CC,7757
TT,missing,CT,TT,GG,GG,TT,GG,CC,missing,CC,CC,missing,7787
TT,TT,CT,GT,GG,AG,TT,GG,CC,CC,CC,CC,CC,7785
CT,CC,CC,GT,AG,AG,CT,GG,CC,CT,AC,CC,CT,6861
TT,missing,CT,GG,GG,GG,TT,GG,CC,missing,CC,CC,missing,7841
TC,CC,CC,missing,AG,AG,TC,missing,TC,CC,CC,CC,CC,7854
TT,TC,CC,TG,GG,GG,TT,GG,CC,TC,CC,CC,CC,7857
TT,missing,CC,GT,GG,AA,TT,GG,CC,missing,CC,CC,missing,7923
TT,CT,CC,GT,GG,AG,TT,GG,CC,CC,CC,CC,CC,8129
CC,missing,CC,GT,AA,AG,CC,CG,CC,missing,AA,AC,missing,8134
TT,missing,CT,GG,GG,AG,TT,GG,CC,missing,CC,CC,missing,8135
CC,CC,missing,missing,missing,missing,missing,missing,CC,TT,CC,CC,TC,7828
TT,CT,missing,missing,missing,missing,missing,missing,CC,CC,CC,CC,CC,8015
CT,missing,CC,GT,AG,GG,TT,GG,CC,missing,CC,CC,missing,8046
TC,CC,CC,missing,AG,GG,TC,missing,CC,TC,AC,CC,TC,8049
TC,TC,missing,missing,missing,missing,missing,missing,CC,CC,CC,CC,CC,8052
CT,missing,CC,GG,AG,GG,CT,GG,CC,missing,AC,CC,missing,9869
CC,missing,CC,GT,AA,GG,CT,CC,CC,missing,AC,AC,missing,7929
TT,TC,CC,GG,GG,GG,TT,GC,CC,CC,CC,CC,CC,7931
CT,missing,CC,TT,AG,GG,TT,CG,CC,missing,AC,CC,missing,9246
TT,missing,CC,GG,GG,GG,TT,CG,CC,missing,CC,CC,missing,8058
TT,missing,CT,GG,GG,GG,TT,GG,CC,missing,CC,CC,missing,8060
TT,missing,CT,TT,GG,GG,TT,GG,CC,missing,AC,CC,missing,8073
TT,missing,CC,GG,GG,GG,TT,GG,CC,missing,CC,CC,missing,8076
TT,TT,missing,missing,missing,missing,missing,missing,CC,CC,CC,CC,CC,8085
TT,CC,CT,TT,GG,AG,TT,GG,CC,CC,CC,CC,CC,8090
TT,missing,CC,TT,GG,AG,TT,GG,CC,missing,CC,CC,missing,8100
CT,missing,CT,GT,AG,AG,CT,GG,CT,missing,AC,AC,missing,8314
TT,missing,CC,GT,GG,GG,TT,GG,CC,missing,CC,CC,missing,7945
CT,CC,CT,GT,AG,GG,TT,GG,CC,CC,CC,CC,CC,7950
CC,CC,CC,missing,AA,GG,CC,missing,CC,TC,AC,CC,TC,7953
CT,CC,CC,GT,AG,AG,CT,CG,CC,CT,AC,CC,CC,7954
CT,CC,CC,TT,AG,GG,TT,CG,CC,CT,CC,CC,CT,7955
CC,CC,TC,GG,AA,GG,TC,GG,CC,TT,AC,CC,TC,7959
TT,missing,CT,GT,GG,AG,TT,GG,CC,missing,CC,CC,missing,7967
TT,CT,CC,GT,GG,AG,TT,GG,CC,CC,CC,CC,CC,8318
TT,TT,CC,TT,GG,AA,TT,GG,CC,CC,CC,CC,CC,8403
TT,CT,CC,GT,GG,GG,TT,GG,CC,CC,CC,CC,CC,7981
CT,CT,CT,GG,AG,AG,CT,GG,CT,CC,AC,AC,CC,7989
TT,missing,CC,GG,GG,AG,TT,,CC,missing,CC,CC,missing,7992
CT,missing,TT,GG,AG,GA,CT,missing,CC,CT,missing,missing,missing,6882
TT,TT,CT,GT,GG,GG,TT,GG,CC,CC,CC,CC,CC,7876
TT,CT,missing,missing,missing,missing,missing,missing,CC,CT,CC,CC,CC,7882
TC,TC,CC,TT,AG,GG,TC,GG,TC,CC,AC,AC,CC,7888
CT,missing,CC,GG,AG,GG,CT,GG,CT,missing,CC,CC,missing,7905
TT,TC,CC,GG,GG,AG,TT,GG,CC,TC,CC,CC,CC,7907
TT,TC,missing,missing,missing,missing,missing,missing,CC,TC,CC,CC,TC,7912
TT,missing,CT,GG,GG,AG,TT,GG,CC,missing,CC,CC,missing,7915
CT,missing,CC,GG,AG,GG,CT,GG,CT,missing,AC,CC,missing,8178
TC,TC,TC,GG,AG,GG,TC,GG,CC,TC,AC,AC,TC,9081
CT,missing,CT,GT,AG,AG,CT,GG,CC,missing,CC,CC,missing,8184
CC,missing,CC,GT,AA,GG,CC,GG,CT,missing,AA,AC,missing,8155
CT,CT,CT,GG,AG,AA,TT,GG,CC,CC,CC,CC,CC,8202
TT,CC,CC,TT,GG,AG,TT,GG,CC,CC,CC,CC,CC,8204
TT,missing,CC,GG,GG,AG,TT,GG,CC,missing,CC,CC,missing,8206
TC,CC,CC,TG,AG,GG,TC,missing,CC,TT,AC,CC,TC,8212
TT,missing,CT,GT,GG,GG,TT,GG,CC,missing,CC,CC,missing,8246
TT,missing,CT,GT,GG,GG,TT,GG,CC,missing,CC,CC,missing,8237
TT,TC,TC,missing,GG,AG,TT,missing,CC,CC,CC,CC,CC,8319
CT,missing,CT,GT,AG,GG,CT,GG,CC,missing,AC,CC,missing,8336
TT,TT,CC,missing,GG,AG,TT,missing,CC,CC,CC,CC,CC,8360
TT,CT,CC,GT,GG,AA,TT,GG,CC,CC,CC,CC,CC,8363
missing,missing,missing,missing,missing,missing,missing,missing,missing,missing,missing,missing,missing,8369
TC,TC,TC,TG,AG,GG,TC,GC,CC,TC,AC,CC,TC,8379
TT,TC,TC,missing,GG,AA,TT,missing,CC,CC,CC,CC,CC,9366
CT,missing,CT,TT,AG,GG,CT,GG,CT,missing,AC,AC,missing,8266
CC,CC,CC,GT,AA,GG,CT,CG,CC,CT,AC,AC,CT,8415
TT,CC,CC,GT,GG,AG,TT,GG,CC,CT,CC,CC,CC,8416
CT,missing,CC,GG,AG,GG,CT,CG,CC,missing,AC,AC,missing,8423
CT,CT,missing,missing,missing,missing,missing,missing,CC,CT,CC,CC,CC,8427
TT,missing,CC,GT,GG,GG,TT,CG,CC,missing,CC,CC,missing,8635
TT,TT,TC,missing,GG,GG,TT,missing,CC,CC,CC,CC,CC,8844
TT,missing,CC,GT,GG,AG,TT,GG,CC,missing,CC,CC,missing,8911
TT,CT,CC,TT,GG,GG,TT,missing,missing,missing,missing,CC,missing,8933
TT,missing,CC,TT,GG,AG,TT,GG,CC,missing,CC,CC,missing,9072
AA,missing,BB,AB,BB,BB,AA,AB,BB,missing,missing,missing,missing,8948
TT,CT,CT,TT,GG,GA,TT,GG,CC,CC,CC,missing,CC,8951
CT,missing,CC,GT,AG,AG,CT,GG,CC,missing,AC,CC,missing,8988
TC,CC,CC,TG,AG,AG,TC,GC,CC,TC,AC,CC,TC,8990
TT,missing,CT,GT,GG,AG,TT,GG,CC,missing,CC,CC,missing,8449
CT,CT,CC,GG,AG,AG,CT,missing,missing,missing,missing,AC,missing,8653
TT,missing,CC,GT,GG,GG,TT,GG,CC,missing,CC,CC,missing,8675
CC,CC,missing,missing,missing,missing,missing,missing,TC,CC,AA,AA,CC,8685
CT,CT,CC,GT,AG,GG,CT,GG,CC,CC,CC,CC,CC,8701
TT,TC,missing,missing,missing,missing,missing,missing,CC,TC,CC,CC,TC,8707
TC,TT,CC,TT,GG,GG,TT,GG,CC,CC,CC,CC,CC,8466
CT,missing,CC,GG,AG,GG,CT,CC,CC,missing,CC,CC,missing,8818
TT,missing,CC,GG,GG,AA,TT,GG,CC,missing,CC,CC,missing,8905
TT,CT,CC,GG,GG,AA,TT,GG,CC,missing,missing,CC,missing,8930
TT,TT,CC,missing,GG,AG,TT,missing,CC,TC,CC,CC,TC,8947
TT,missing,CC,GT,GG,GG,TT,GG,CC,missing,CC,CC,missing,8934
TT,CT,CT,GG,GG,GG,TT,CG,CC,CC,CC,CC,CC,8977
TT,CC,CC,GT,GG,GG,TT,missing,missing,missing,missing,CC,missing,8978
TT,CT,CC,GT,GG,GG,TT,GG,CC,CC,CC,CC,CC,8476
TC,CC,missing,missing,missing,missing,missing,missing,CC,TC,AC,AC,CC,8499
CC,CC,missing,missing,missing,missing,missing,missing,CC,TT,AA,AC,CC,8522
TT,TT,TT,TG,GG,AA,TT,GG,CC,TC,CC,CC,CC,8529
TT,missing,CC,GT,GG,AG,TT,GG,CC,missing,CC,CC,missing,8731
TT,TT,CC,GG,GG,GG,TT,GG,CC,TC,CC,CC,TC,8534
TT,TT,TT,TG,GG,GG,TT,GG,CC,CC,CC,CC,CC,8538
TT,TT,TC,TG,GG,GG,TT,GG,CC,TC,CC,CC,CC,8578
CC,CC,CC,GT,AA,GG,CT,CG,CC,CT,AC,CC,CT,8841
CT,missing,CT,GT,AG,AG,CT,GG,CT,missing,AC,AC,missing,8852
TT,missing,CC,GG,GG,GG,TT,GG,CC,missing,CC,CC,missing,8864
CC,CC,CC,GT,AA,GG,CT,GG,CC,TT,AC,AC,CT,8874
TT,CT,CC,TT,GG,AG,TT,GG,CC,CC,CC,CC,CC,8915
TT,CC,CC,TT,GG,GG,TT,missing,CC,TC,AC,CC,TC,8885
CC,CC,missing,missing,missing,missing,missing,missing,CC,TC,CC,CC,CC,8547
CC,CC,CC,missing,AA,GG,CC,missing,CC,TC,AA,AA,CC,8739
TT,CC,CT,GG,GG,AG,TT,GG,CC,CC,CC,CC,CC,8737
CC,CC,CC,missing,AA,GG,TC,missing,CC,TC,CC,CC,CC,5943
CC,CC,CC,GT,AA,AG,CT,CC,CC,missing,missing,CC,missing,8780
TT,CC,missing,missing,missing,missing,missing,missing,CC,TT,CC,CC,CT,4696
TT,missing,CC,GT,GG,GG,TT,GG,CC,missing,CC,CC,missing,9421
missing,missing,missing,missing,missing,missing,missing,missing,missing,missing,missing,missing,missing,8561
TC,CC,CC,TG,AG,AG,TT,GG,CC,CC,CC,CC,CC,9023
CC,CC,CC,GG,AA,GG,TC,GG,TC,CC,AC,AC,CC,8565
missing,missing,missing,missing,missing,missing,missing,missing,missing,missing,missing,missing,missing,8567
TC,TC,CC,GG,AG,GG,TC,GG,TC,CC,AC,AC,CC,9039
TT,TC,CC,TG,GG,GG,TT,GC,CC,CC,CC,CC,CC,9046
TC,TC,missing,missing,missing,missing,missing,missing,CC,CC,CC,CC,CC,9050
TT,missing,CC,GG,GG,GG,TT,GG,CC,missing,CC,CC,missing,8788
TT,CC,TC,TG,GG,AG,TT,GG,CC,CC,CC,CC,CC,8588
TT,missing,CT,GG,GG,GG,TT,CG,CC,missing,CC,CC,missing,8291
CT,CT,CC,GT,AG,AG,TT,GG,CC,CC,CC,CC,CC,9078
TC,TC,missing,missing,missing,missing,missing,missing,CC,TT,AC,AC,TC,8592
CT,missing,CC,TT,AG,GG,CT,GG,CC,missing,AC,CC,missing,8598
TT,TC,TT,TT,GG,AG,TT,GG,CC,CC,CC,CC,CC,8619
CT,CC,CC,GG,AG,GG,CT,GG,CC,CT,CC,CC,CC,4032
TT,CT,CC,missing,GG,GG,TT,CG,CC,CC,missing,CC,missing,8796
CC,missing,CC,GG,AA,AG,CC,GG,TT,missing,AA,AC,missing,8803
CT,missing,CC,GT,AG,AG,CT,GG,CC,missing,CC,CC,missing,8808
CT,CC,CC,GT,AG,GG,CT,CG,CC,CC,AC,AC,CC,9812
TT,TT,TT,GT,GG,GG,TT,GG,CC,CC,CC,CC,CC,9876
TT,TT,missing,missing,missing,missing,missing,missing,CC,CC,CC,CC,CC,9107
TT,missing,CT,GT,GG,AG,TT,GG,CC,missing,CC,CC,missing,9158
TC,CC,CC,TT,AG,GG,TT,GG,TC,CC,CC,CC,CC,9906
TC,TC,CC,GG,AG,GG,TT,GC,CC,TC,CC,CC,CC,10110
TC,CC,TC,GG,AG,AG,TT,GG,CC,TC,CC,CC,CC,9111
missing,missing,missing,missing,missing,missing,missing,missing,missing,missing,missing,missing,missing,9429
TT,missing,CT,GT,GG,GG,TT,GG,CC,missing,CC,CC,missing,9430
CT,missing,CC,GT,AG,GG,CT,GG,CC,missing,AC,CC,missing,9457
CT,missing,CC,GT,AG,GG,TT,GG,CC,missing,CC,CC,missing,9450
CT,CT,CT,TT,AG,GG,CT,GG,CT,CC,AC,AC,CC,9427
TC,CC,TT,missing,AG,GG,TC,missing,TC,TC,AA,CC,TC,9480
TT,CT,CC,TT,GG,AG,TT,GG,CC,CC,CC,CC,CC,9486
TT,missing,TT,GG,GG,GG,TT,GG,CC,missing,CC,CC,missing,9489
CT,missing,CT,GT,AG,GG,CT,GG,CC,missing,CC,CC,missing,9119
TT,CC,TT,TT,GG,GG,TT,GG,CC,CC,CC,CC,CC,9928
TT,missing,CC,GT,GG,GG,TT,GG,CC,missing,CC,CC,missing,9126
TC,TC,CC,missing,AG,GG,TT,missing,CC,TC,CC,CC,TC,9129
CT,missing,CT,GG,AG,GG,TT,GG,CC,missing,CC,CC,missing,9133
CT,missing,CC,GG,AG,AA,TT,GG,CC,missing,CC,CC,missing,9702
TT,CC,CC,TG,GG,AG,TT,GC,CC,CC,CC,CC,CC,9832
TT,TT,CC,TG,GG,AG,TT,GG,CC,CC,CC,CC,CC,9835
CC,CC,missing,missing,missing,missing,missing,missing,CC,TT,AA,AA,CC,9941
CT,missing,TT,GT,AG,GG,CT,GG,CC,missing,CC,CC,missing,9135
CT,CC,CC,GT,AG,AG,CT,GG,CT,missing,missing,AC,missing,9146
CT,missing,CC,GT,AG,GG,TT,GG,CC,missing,CC,CC,missing,9516
TT,missing,TT,GG,GG,GG,TT,GG,CC,missing,CC,CC,missing,9518
TT,CT,CC,GT,GG,AG,TT,GG,CC,CC,CC,CC,CC,9519
CT,missing,CC,TT,AG,AG,TT,GG,CC,missing,CC,CC,missing,9527
TC,CC,CC,GG,AG,GG,TC,missing,CC,CC,AC,CC,CC,9539
TT,TT,CC,GG,GG,GG,TT,GG,CC,CC,CC,CC,CC,9541
CT,missing,CC,GG,AG,GG,CT,GG,CT,missing,AC,AC,missing,9565
TT,missing,CC,GT,GG,AG,TT,GG,CC,missing,CC,CC,missing,9568
CC,CC,CC,GG,AA,GG,TT,GG,CC,TC,AC,CC,TC,9164
missing,CC,CC,GG,AG,AG,CT,GG,CC,CT,AC,AC,CT,9166
TT,CT,CC,GG,GG,AG,TT,GG,CC,CT,CC,CC,CC,9172
CT,CT,CC,GT,AG,AG,TT,GG,CC,CT,AC,CC,CC,9185
CT,missing,CC,GG,AG,GG,CT,CG,CC,missing,CC,CC,missing,10171
TT,missing,CC,GT,GG,GG,TT,GG,CC,missing,CC,CC,missing,9589
CT,missing,CC,GT,AG,GG,TT,GG,CC,missing,CC,CC,missing,10279
CT,missing,CC,GG,AG,AG,CT,GG,CC,missing,AC,CC,missing,9969
TT,CC,CC,TG,GG,AG,TT,GG,CC,TC,CC,CC,CC,9974
CC,CC,CC,GT,AA,GG,TT,CG,CC,CT,CC,CC,CT,10012
TT,missing,CT,GT,GG,AG,TT,GG,CC,missing,CC,CC,missing,9215
TC,CC,TC,GG,AG,AG,TC,GG,CC,TC,AC,AC,TC,9218
CT,missing,CT,GT,AG,AA,CT,CG,CC,missing,CC,CC,missing,9220
TT,TC,TT,GG,GG,AG,TT,missing,CC,CC,CC,CC,CC,9223
CT,missing,CC,GG,AG,AG,CT,GG,TT,missing,AC,AC,missing,9616
TT,CT,CC,GG,GG,AG,TT,GG,CC,CT,CC,CC,CC,9232
TT,missing,CC,GT,GG,AG,TT,GG,CC,missing,CC,CC,missing,9276
TC,TC,CC,TG,AG,AG,TC,GG,CC,TC,CC,CC,CC,9281
TC,CC,CC,TG,AG,AG,TT,GG,CC,CC,AC,CC,CC,9656
TC,CC,CC,missing,AG,AG,TC,missing,CC,CC,CC,CC,CC,10036
CT,missing,CC,TT,AG,AG,CT,GG,CT,missing,AC,AC,missing,9399
TT,missing,CT,TT,GG,AG,TT,GG,CC,missing,CC,CC,missing,10080
TC,TC,CC,missing,AG,GG,TC,missing,TC,CC,AC,AC,CC,9247
AG,missing,GG,AC,AG,GG,AA,CC,GG,missing,CC,,missing,9262
TC,CC,CC,TG,AG,GG,TC,GG,CC,CC,AC,AC,CC,9277
TT,TC,TC,GG,GG,AG,TT,GG,CC,CC,CC,CC,CC,9283
TT,missing,CC,TT,GG,GG,TT,GG,CT,missing,CC,CC,missing,9324
TC,TC,CC,GG,AG,GG,TT,GG,CC,TC,CC,CC,TC,9314
TT,CT,CC,GT,GG,AG,TT,GG,CC,CC,CC,CC,CC,9323
TT,TT,CC,GG,GG,AG,TT,GG,CC,TC,CC,CC,CC,9327
TT,missing,CT,GG,GG,AG,TT,GG,CC,missing,CC,CC,missing,9380
TT,missing,CT,GT,GG,GG,TT,GG,CC,missing,CC,CC,missing,10302
TC,CC,CC,TT,AG,AA,TC,GG,CC,CC,AC,CC,CC,10232
TT,missing,CC,GT,GG,AG,TT,GG,CC,missing,CC,CC,missing,10141
CC,CC,TC,TG,AA,AA,CC,GG,TC,TC,AC,AA,TC,10246
TT,missing,CC,GG,GG,AG,TT,GG,CC,missing,CC,CC,missing,9351
TT,missing,CT,GT,GG,GG,TT,GG,CC,missing,CC,CC,missing,9672
CC,CC,CC,TT,AA,AG,TT,missing,missing,missing,missing,CC,missing,9724
CC,missing,CC,GT,AA,GG,CT,CG,CC,missing,AC,AC,missing,9726
CT,missing,CT,GG,AG,AG,TT,GG,CC,missing,AA,AC,missing,9747
TT,CT,CC,GT,GG,AG,TT,GG,CC,CC,CC,CC,CC,9749
CC,CC,CC,TT,AA,GG,TC,GC,TC,CC,AC,AC,CC,9752
TT,missing,CC,GT,GG,GG,TT,GG,CC,missing,CC,CC,missing,9367
TT,missing,CC,TT,GG,GG,TT,GG,CC,missing,CC,CC,missing,9372
TT,missing,CC,GT,GG,GG,TT,GG,CC,missing,CC,CC,missing,10142
TT,CT,CC,TT,GG,GG,TT,GG,CC,CT,AC,CC,CT,9781
TT,CC,CC,TT,GG,AG,TT,GG,CC,CC,CC,CC,CC,9784
CC,missing,CT,GT,AA,AG,CC,CC,CC,missing,AA,CC,missing,9375
CT,missing,CC,GG,AG,GG,TT,CG,CC,missing,CC,CC,missing,9799
TT,missing,CC,GG,GG,GG,TT,GG,CC,missing,CC,CC,missing,9796
TC,TC,CC,TG,AG,AG,TC,GG,TC,CC,AC,AC,CC,9804
TC,TC,CC,TG,AG,GG,TC,GG,CC,TC,AC,CC,CC,10093
TT,TT,TC,GG,GG,AG,TT,GG,CC,CC,CC,CC,CC,10383
,,,,,,,,,,,,,9195
TT,missing,CC,GT,GG,GG,TT,GG,CC,missing,CC,CC,missing,10339
TT,missing,CC,TT,GG,GG,TT,GG,CC,missing,missing,missing,missing,10347
CT,missing,CC,GT,AG,GG,TT,CG,CC,missing,missing,missing,missing,10362
CT,CC,CT,TT,AG,AG,TT,GG,CC,CT,AC,CC,CT,10374
TC,CC,CC,missing,AG,AG,TC,missing,CC,CC,AC,CC,CC,10381
CT,missing,CC,GT,AG,GG,CT,GG,CC,missing,CC,AC,missing,9360
TT,CT,CT,TT,GG,GG,TT,GG,CC,CT,AC,CC,CT,10408
CT,missing,CC,GG,AG,GG,CT,GG,CC,missing,,,missing,10414
TT,missing,CC,GT,GG,GG,TT,GG,CT,missing,AC,CC,missing,10420
CC,CC,TC,GG,AA,GG,TC,GG,TC,CC,AA,AC,CC,10430
missing,missing,missing,missing,missing,missing,missing,missing,missing,missing,missing,missing,missing,10426
CC,CC,CC,GT,AA,GG,CC,missing,missing,missing,missing,CC,missing,10424
TT,missing,CC,TT,GG,AG,TT,GG,CC,missing,CC,CC,missing,10127
