rs12913832,rs1800407,rs12896399,rs16891982,rs1393350,rs12203592,rs1129038,rs116363232,rs1289399,user_id
missing,CC,missing,missing,missing,missing,TC,missing,missing,2953
missing,TC,missing,missing,missing,missing,TT,missing,missing,4135
GG,CC,GG,missing,GG,CC,TT,missing,missing,4440
GG,CC,GT,GG,GG,CC,TT,missing,,4441
AG,CC,TG,missing,AG,CC,TC,missing,missing,4111
GG,TT,GT,GG,AA,CC,CT,missing,,4106
AG,CC,GT,CG,GG,CC,CT,missing,,4171
GG,CC,GG,missing,GG,CC,TT,missing,missing,3858
GG,CC,GT,GG,GG,CC,TT,missing,CC,3847
missing,missing,missing,GG,missing,missing,TT,missing,missing,26
AA,CC,GT,CC,GG,CT,CC,missing,CC,3973
missing,missing,missing,missing,missing,missing,missing,missing,missing,3985
missing,CC,missing,missing,missing,missing,TT,missing,missing,3998
missing,CC,missing,missing,missing,missing,TT,missing,missing,4026
GG,CC,GG,missing,AG,TC,TT,missing,missing,4133
AG,CC,GG,GG,AG,CC,CT,missing,,820
missing,missing,missing,missing,missing,missing,missing,missing,missing,822
GG,CC,GT,GG,GG,CC,TT,missing,CC,609
GG,CC,TT,GG,GG,CC,TT,missing,CC,2554
missing,missing,missing,missing,missing,missing,missing,missing,missing,829
AA,CC,GG,CC,GG,CC,CC,missing,CC,832
GG,CC,GG,GG,AG,CC,TT,missing,CC,4036
GG,CC,TT,GG,AG,CT,TT,missing,,836
GG,CC,GG,GG,AG,CC,TT,missing,,839
GG,CC,GG,GG,GG,CC,TT,missing,CC,842
AG,CC,GT,CG,GG,CC,missing,missing,missing,845
GG,CC,GT,GG,GG,CT,TT,missing,CC,850
AG,CT,GT,CG,AG,CC,CT,missing,CC,854
GG,CC,GT,GG,GG,CT,TT,missing,CC,865
AG,CC,GT,GG,AG,CC,CT,missing,,2557
AA,CT,GG,GG,GG,CT,CC,missing,CC,466
GG,CC,GG,GG,GG,CC,TT,missing,CC,912
GG,CC,TT,GG,AG,CC,TT,missing,CC,915
AG,CC,TT,GG,GG,TT,CT,missing,CC,916
AG,CC,GG,GG,AG,CC,CT,missing,,918
AA,CC,TT,CG,GG,CC,CC,missing,,924
AG,CC,GG,GG,AG,CC,CT,missing,,926
GG,CC,GT,GG,AG,CC,TT,missing,CC,887
GG,CC,GT,GG,GG,CC,TT,missing,,903
GG,CC,GT,GG,GG,CC,TT,missing,CC,2568
GG,CC,GT,CC,GG,CC,TT,missing,,2570
missing,CC,missing,missing,missing,missing,TC,missing,missing,1259
AG,CC,GG,missing,GG,TC,TC,missing,missing,2571
AG,CC,GG,missing,GG,CC,TC,missing,missing,2574
GG,CC,GT,GG,AG,CT,TT,missing,,3004
missing,missing,missing,missing,missing,missing,missing,missing,missing,937
AG,CC,GG,GG,GG,CC,CT,missing,,943
GG,CC,GG,GG,AG,CC,TT,missing,CC,669
GG,CC,TT,GG,AG,CC,TT,missing,CC,341
missing,CC,missing,missing,missing,missing,TT,missing,missing,945
AG,CT,GT,GG,GG,CC,CT,missing,,951
GG,CC,GG,GG,AA,CC,TT,missing,,952
AA,CC,TT,CG,GG,CT,CC,missing,,954
AA,CC,GT,GG,GG,CC,CC,missing,,966
GG,CC,GG,GG,AA,CT,TT,missing,,968
GG,CC,GT,GG,AG,CC,TT,missing,,972
GG,CC,TT,GG,GG,CC,TT,missing,,990
AG,CC,GG,CG,GG,CC,missing,missing,missing,1010
AG,CT,TT,GG,GG,CT,CT,missing,CC,1013
AG,CT,GG,GG,AG,TT,CT,missing,CC,319
AG,CC,TT,GG,GG,CC,CT,missing,CC,667
AA,CC,GT,CC,GG,CC,CC,missing,CC,675
GG,CC,GG,GG,GG,CC,missing,missing,missing,180
GG,CC,GT,CG,GG,CC,missing,missing,missing,704
missing,missing,missing,missing,missing,missing,missing,missing,missing,703
AA,CT,GG,GG,GG,CC,CC,missing,CC,8
AA,CC,GG,CG,AG,CC,CC,missing,CC,10
AA,CC,GT,GG,AG,CC,CC,missing,CC,13
AG,CC,GG,GG,GG,CT,CT,missing,missing,6
AG,CC,GG,GG,GG,CT,missing,missing,missing,14
GG,CC,GT,GG,GG,CC,TT,missing,CC,1
AA,CC,GT,CC,GG,CC,CC,missing,CC,33
AG,CC,GG,GG,AG,CC,CT,missing,CC,36
GG,CC,GT,GG,GG,CC,TT,missing,CC,38
AG,CT,GT,GG,GG,CC,CT,missing,CC,42
AA,CC,GG,CC,GG,CC,CC,missing,CC,44
missing,missing,AA,missing,missing,missing,missing,missing,missing,45
GG,CC,GT,GG,AG,CC,TT,missing,CC,55
GG,CC,GT,GG,GG,CC,TT,missing,CC,58
GG,CC,GG,GG,GG,CC,TT,missing,CC,60
AG,CC,GG,GG,AG,CC,missing,missing,missing,62
GG,CT,GG,GG,GG,CT,missing,missing,missing,64
GG,CT,TT,GG,GG,CC,TT,missing,CC,63
GG,CC,TT,GG,AG,CT,TT,missing,CC,40
missing,CC,missing,missing,missing,missing,TC,missing,missing,72
missing,TC,missing,missing,missing,missing,TC,missing,missing,71
GG,missing,missing,missing,AG,missing,missing,missing,missing,77
GG,CC,GG,GG,AG,CC,TT,missing,CC,81
GG,CC,GG,GG,AG,CC,TT,missing,CC,74
GG,CC,GG,GG,AG,CT,TT,missing,CC,99
AG,CC,GT,GG,AA,CC,missing,missing,missing,118
GG,CC,TT,CG,GG,CT,TT,missing,CC,123
AG,CC,GG,GG,GG,TT,CT,missing,CC,124
AG,CC,GG,GG,GG,CC,missing,missing,missing,126
AG,CC,GG,CG,AG,CC,CT,missing,CC,141
AA,CC,GT,CG,GG,CC,CC,missing,CC,144
AA,CC,GT,CG,GG,CC,CC,missing,CC,146
AG,CC,GT,CC,GG,CC,CT,missing,CC,154
GG,CC,TT,GG,GG,CT,TT,missing,CC,159
GG,CC,GT,CG,AA,CT,TT,missing,CC,168
AG,CC,GG,GG,GG,CC,CT,missing,CC,175
GG,CC,GT,GG,AG,CC,TT,missing,CC,177
missing,missing,missing,missing,missing,missing,missing,missing,missing,664
GG,CC,GT,GG,AG,CC,TT,missing,CC,200
GG,CC,GT,GG,AG,CC,TT,missing,CC,202
missing,CC,missing,missing,missing,missing,CC,missing,missing,203
GG,CC,GG,GG,AG,CC,TT,missing,CC,204
GG,CC,GT,GG,AG,CC,TT,missing,CC,207
GG,CC,GG,GG,AG,CT,missing,missing,missing,215
GG,CC,GT,GG,AG,CC,TT,missing,CC,251
GG,CC,GG,GG,GG,CT,TT,missing,CC,253
GG,CC,GT,GG,GG,CC,missing,missing,missing,252
GG,CC,GG,CC,GG,CC,TT,missing,CC,258
AG,CC,GT,CG,AG,CC,missing,missing,missing,262
AG,CC,TT,CG,GG,CT,CT,missing,CC,266
AG,CT,GT,GG,GG,CC,CT,missing,CC,268
GG,CC,GT,GG,AG,CC,TT,missing,CC,216
AA,CC,TT,GG,AG,CC,CT,missing,CC,276
AA,CC,GT,GG,GG,CC,CC,missing,CC,279
AG,CC,GT,GG,AG,CC,CT,missing,CC,285
GG,CC,GG,GG,GG,CC,TT,missing,CC,287
GG,CC,GT,GG,AG,CT,TT,missing,CC,294
AG,CT,GG,GG,AG,CC,CT,missing,CC,295
GG,CC,GT,GG,GG,CC,TT,missing,CC,296
AG,CT,GT,GG,GG,CC,CT,missing,CC,305
AA,CC,GG,GG,GG,CC,CC,missing,CC,311
AA,CC,GG,GG,AA,CC,CC,missing,CC,322
AG,CC,GT,GG,AG,CC,CT,missing,CC,323
GG,CC,GT,GG,AG,CT,TT,missing,CC,330
AA,CT,GT,GG,GG,CC,CC,missing,CC,325
missing,missing,missing,missing,missing,missing,missing,missing,missing,339
GG,CT,GG,CG,GG,CT,TT,missing,CC,160
GG,CC,GT,GG,GG,CC,TT,missing,CC,347
GG,CC,TT,CG,GG,CC,TT,missing,CC,349
missing,missing,missing,missing,missing,missing,missing,missing,missing,352
AG,CC,GT,CC,GG,CC,CT,missing,CC,357
GG,CC,TT,GG,GG,CC,TT,missing,CC,363
AG,CC,TT,GG,AG,CT,CT,missing,CC,366
GG,CC,GG,GG,AG,CC,TT,missing,CC,368
AA,CT,GT,GG,GG,CC,CC,missing,CC,189
AA,CC,GG,CG,GG,CC,CC,missing,CC,11
GG,CC,GT,GG,GG,CC,TT,missing,CC,411
AG,CC,GG,GG,GG,CT,CT,missing,CC,420
GG,CC,TT,GG,AG,CT,TT,missing,CC,439
GG,CC,GT,GG,GG,CC,TT,missing,CC,345
AG,CC,GG,GG,GG,CC,CT,missing,CC,440
GG,CC,GT,GG,GG,CC,TT,missing,CC,463
GG,CC,GT,GG,GG,CT,TT,missing,CC,441
GG,CC,GG,GG,GG,CT,TT,missing,,468
missing,missing,missing,GG,missing,missing,CT,missing,missing,35
AG,CC,GT,CG,AG,CC,CT,missing,,481
AA,CC,GT,CC,GG,CC,CC,missing,CC,483
missing,missing,missing,missing,missing,missing,missing,missing,missing,488
AG,CT,GT,GG,AG,CT,CT,missing,CC,495
GG,CC,TT,GG,AG,CC,TT,missing,CC,533
AG,CC,GG,GG,GG,CT,CT,missing,CC,539
AA,CC,GG,GG,AG,CC,CC,missing,CC,678
missing,CC,missing,missing,missing,missing,TT,missing,missing,542
AG,CC,TT,GG,GG,CT,CT,missing,CC,549
AG,CC,TT,GG,GG,CT,CT,missing,CC,561
AA,CC,GG,GG,AA,CC,CC,missing,CC,563
AG,CC,GG,CG,AG,CC,CT,missing,CC,572
GG,TT,GT,GG,AG,CC,TT,missing,CC,574
missing,CC,missing,missing,missing,missing,TT,missing,missing,579
AA,CT,GT,GG,GG,CC,missing,missing,missing,187
GG,CC,GT,GG,AG,CT,TT,missing,,583
AG,CC,GG,GG,GG,CC,CT,missing,CC,589
GG,CC,GG,GG,AA,CT,TT,missing,CC,503
GG,CC,TT,GG,GG,CC,missing,missing,missing,682
AG,CC,GG,GG,GG,CC,CT,missing,CC,595
GG,CC,GG,GG,GG,CC,TT,missing,CC,602
GG,CC,GT,GG,AG,CC,TT,missing,CC,607
GG,CC,TT,GG,GG,CC,TT,missing,CC,637
AA,CC,GT,GG,GG,CC,missing,missing,missing,644
GG,CC,GG,GG,AA,CC,TT,missing,CC,645
GG,CC,GT,GG,AG,CT,TT,missing,CC,646
GG,CC,GG,CG,GG,CC,TT,missing,CC,650
GG,CC,GG,GG,GG,CT,TT,missing,CC,651
AA,CC,GG,GG,AA,CC,CC,missing,CC,610
missing,missing,missing,missing,missing,missing,missing,missing,missing,580
AG,CC,GG,GG,AG,CC,missing,missing,missing,90
GG,CT,GG,CG,AG,CC,TT,missing,CC,684
AA,CC,GT,CC,GG,CC,CC,missing,,688
AG,CT,GG,GG,AG,CC,missing,missing,missing,693
GG,CC,GG,GG,AG,CT,missing,missing,missing,717
AG,CC,GT,GG,AA,CC,CT,missing,CC,721
AG,CT,GG,GG,GG,CC,CT,missing,,722
missing,missing,missing,missing,missing,missing,missing,missing,missing,734
AG,CC,GT,GG,GG,CC,CT,missing,CC,745
AG,CC,GT,GG,GG,CT,missing,missing,missing,748
GG,CC,TT,GG,AG,CT,TT,missing,CC,749
AG,CC,GT,GG,AG,CC,CT,missing,CC,754
AA,CC,GG,GG,GG,CC,CC,missing,,2576
AG,CT,TT,GG,AG,CC,CT,missing,,761
AG,CC,TT,GG,GG,CC,CT,missing,CC,762
GG,CT,GT,GG,GG,CT,TT,missing,,775
GG,CT,TT,GG,GG,CC,TT,missing,CC,776
AG,CC,TT,GG,AA,CC,CT,missing,CC,777
GG,CC,GT,GG,GG,CC,TT,missing,CC,779
GG,CC,GG,CG,AG,CC,TT,missing,CC,782
GG,CC,GT,CG,AG,CC,TT,missing,CC,781
AA,CC,GG,CG,AG,CC,CC,missing,,792
AA,CC,GT,GG,GG,CT,CC,missing,,763
GG,CC,GG,GG,AG,CC,TT,missing,,758
GG,CC,GG,GG,GG,CC,TT,missing,,806
GG,CC,GT,GG,GG,CC,TT,missing,CC,808
GG,CC,GT,GG,AG,CT,TT,missing,CC,811
AG,CC,GT,GG,AG,CT,missing,missing,missing,813
GG,CT,GG,GG,GG,CC,TT,missing,,816
GG,CC,GT,GG,AG,CC,TT,missing,,1020
GG,CC,GT,GG,AG,CT,TT,missing,,1022
GG,CC,GG,CG,GG,CC,TT,missing,,1026
AG,CC,GT,GG,GG,CC,CT,missing,CC,1627
GG,CC,TT,GG,GG,CC,TT,missing,,1028
AG,CC,GG,CC,AG,CC,CT,missing,CC,2616
AA,CC,GG,GG,GG,CC,CC,missing,,1034
AG,CC,GG,GG,GG,CC,CT,missing,CC,1036
GG,CC,GG,GG,GG,CC,TT,missing,,1039
AG,CC,TG,missing,AG,CC,TC,missing,missing,1059
GG,CC,GT,GG,GG,CC,TT,missing,,1066
GG,CT,GG,GG,GG,CT,TT,missing,,1075
GG,CC,GT,GG,AG,CC,TT,missing,,1077
missing,missing,missing,missing,missing,missing,missing,missing,missing,1081
GG,CC,GG,GG,GG,CC,TT,missing,,1085
GG,CC,GT,GG,AG,CC,TT,missing,,1103
AG,CC,GG,GG,AA,CT,CT,missing,,1125
AA,CT,GG,GG,AG,CT,CC,missing,,1114
AA,CC,GT,GG,AG,CC,CC,missing,,1033
AG,CT,GT,GG,AG,CC,CT,missing,,1121
AA,CC,GG,CC,AG,CC,CC,missing,CC,2628
AG,CC,TT,GG,GG,CT,CT,missing,,1163
GG,CC,GT,GG,AG,CT,TT,missing,,1177
AG,CC,TT,GG,AG,TT,CT,missing,,1165
AA,CC,GT,GG,GG,CC,CC,missing,,1173
GG,CC,TT,GG,GG,CC,TT,missing,,1133
missing,missing,missing,missing,missing,missing,missing,missing,missing,2629
GG,CC,GG,GG,AG,CC,TT,missing,CC,1445
GG,CC,GT,GG,AG,CT,TT,missing,CC,2633
GG,CC,GG,GG,AG,CC,TT,missing,,1147
GG,CC,GG,GG,GG,CT,TT,missing,,1134
AA,CT,GT,CG,GG,CC,CC,missing,,1142
GG,CC,GT,GG,AG,CT,TT,missing,,1131
GG,CC,GT,GG,GG,CC,TT,missing,,1129
AG,CC,TT,GG,AA,CC,CT,missing,,1235
AG,CC,GT,CG,GG,CC,CT,missing,CC,2887
GG,CT,GT,GG,GG,CT,TT,missing,,1190
AA,CC,GT,GG,GG,TT,CC,missing,,1269
AG,CT,TT,GG,AG,CT,CT,missing,,1275
AG,CC,GG,GG,AG,CC,CT,missing,,1281
GG,CC,GT,GG,GG,CC,TT,missing,,1325
AG,CC,GG,GG,GG,CC,CT,missing,CC,1312
AA,CC,GT,CG,AG,CC,CC,missing,CC,1375
GG,CC,GT,GG,GG,CC,TT,missing,,1379
AG,CC,TG,missing,AG,CC,TC,missing,missing,1393
missing,missing,missing,missing,missing,missing,missing,missing,missing,1403
AA,CC,GG,GG,AG,CC,CC,missing,,1420
GG,CC,GT,GG,GG,CC,TT,missing,,1424
GG,CT,GT,GG,GG,CC,TT,missing,,1459
AG,CT,TT,CG,AG,CC,CT,missing,CC,1466
AG,CC,TT,GG,GG,CT,CT,missing,,1467
AG,CC,GT,CG,AG,CC,CT,missing,,1470
missing,CC,missing,missing,missing,missing,TT,missing,missing,1491
GG,CC,TT,GG,AG,CC,TT,missing,,1494
GG,CC,TT,GG,AG,CT,TT,missing,CC,1503
GG,CC,GT,GG,AA,CT,TT,missing,CC,1514
missing,CC,missing,missing,missing,missing,TT,missing,missing,1092
AG,CC,GG,missing,AG,CC,TC,missing,missing,1519
AA,CC,GG,missing,GG,CC,CC,missing,missing,1532
GG,CC,GT,CG,GG,CT,TT,missing,CC,1531
AG,CC,GT,GG,GG,TT,CT,missing,CC,1537
GG,TC,TG,missing,AG,CC,TT,missing,missing,2894
GG,CC,TT,GG,GG,CT,TT,missing,CC,1600
AG,CC,GT,CC,AG,CC,CT,missing,CC,2645
GG,CC,GG,GG,AG,CC,TT,missing,CC,2648
missing,CC,missing,missing,missing,missing,TT,missing,missing,2651
GG,CC,GT,GG,GG,CT,missing,missing,missing,2660
missing,missing,missing,missing,missing,missing,missing,missing,missing,2662
AG,CC,GG,missing,GG,CC,TC,missing,missing,2665
AA,CC,TT,CC,GG,CC,CC,missing,,2675
GG,CC,GT,GG,GG,CC,TT,missing,CC,2681
missing,CC,missing,missing,missing,missing,TC,missing,missing,2694
AG,CC,GG,GG,AG,CC,CT,missing,,2687
AG,CT,GG,GG,AG,CC,CT,missing,CC,9839
GG,CT,GT,GG,GG,CT,TT,missing,,2702
GG,CC,GG,GG,GG,CC,TT,missing,,2707
GG,CC,TG,missing,GG,CC,TT,missing,missing,1647
AG,CC,GG,GG,GG,CT,CT,missing,,2700
AG,CC,GT,GG,AG,CC,CT,missing,,2759
GG,CC,GG,GG,GG,CC,TT,missing,,2764
AG,CT,TT,CG,GG,CC,CT,missing,,2907
AG,CC,GT,GG,GG,CC,CT,missing,,1668
AA,CT,TT,CG,GG,CC,CC,missing,,1678
GG,CC,TT,GG,AG,CC,TT,missing,,1717
missing,CC,missing,missing,missing,missing,TC,missing,missing,1735
GG,CC,TT,missing,GG,CC,TT,missing,missing,2715
AG,CC,GT,GG,GG,CT,CT,missing,CC,1759
GG,CC,GG,GG,AG,CT,TT,missing,,1764
GG,CC,GG,missing,GG,CC,TT,missing,missing,4297
GG,CC,GT,GG,AG,CC,TT,missing,,1802
AA,CC,GT,GG,GG,CT,CC,missing,,1825
GG,CC,GT,GG,AG,CT,TT,missing,CC,2334
AG,CC,TG,missing,AG,CC,TC,missing,missing,8274
GG,CC,TT,GG,GG,CC,TT,missing,,1833
GG,CC,GT,GG,GG,CC,TT,missing,,1875
AG,CC,GT,CG,GG,CC,CT,missing,,1877
AA,CC,GG,CG,GG,CC,CC,missing,CC,1879
missing,CC,missing,missing,missing,missing,CC,missing,missing,1183
AG,CC,GT,GG,AG,CC,CT,missing,,1963
GG,CC,GT,GG,AG,CC,TT,missing,,1968
GG,CC,GT,CG,AG,CC,TT,missing,,1970
AG,CC,GT,GG,AA,CT,CT,missing,,1980
AG,CC,GT,GG,AG,CC,CT,missing,CC,1975
AG,CC,GT,GG,GG,CT,CT,missing,,1987
AG,CC,GT,GG,GG,CT,CT,missing,CC,1991
AG,CC,GG,GG,GG,CC,CT,missing,,1996
GG,CC,GT,GG,GG,CT,TT,missing,,2000
GG,CT,GT,GG,GG,CT,TT,missing,,2004
GG,CC,missing,missing,GG,CC,TT,missing,missing,5249
AG,CC,GG,GG,GG,CC,CT,missing,CC,2720
AA,CC,GT,GG,AA,CT,CC,missing,,2018
GG,CC,GT,GG,GG,CC,TT,missing,,2023
GG,CC,TT,GG,AG,CC,TT,missing,CC,2024
AG,CC,TT,CG,AG,CC,CT,missing,CC,1952
GG,CC,GT,GG,GG,CC,TT,missing,CC,2030
AA,CC,GG,CG,GG,CC,CC,missing,,2035
missing,CC,missing,missing,missing,missing,CC,missing,missing,2053
GG,CC,GT,GG,GG,CC,TT,missing,CC,2056
missing,missing,missing,missing,missing,missing,missing,missing,missing,2070
AA,CC,GG,CG,GG,CC,CC,missing,CC,2075
AG,CC,GT,GG,AA,CC,CT,missing,,2077
GG,CC,GT,GG,GG,CC,TT,missing,,2080
GG,CC,GG,GG,GG,CC,TT,missing,,2099
GG,CC,GG,missing,AG,TC,TT,missing,missing,2101
GG,CC,TT,GG,GG,CT,TT,missing,CC,2116
missing,missing,missing,missing,missing,missing,missing,missing,missing,2133
AA,CC,GG,GG,GG,CT,CC,missing,,2153
GG,CC,GT,GG,AG,CC,TT,missing,,2158
GG,CC,TT,GG,GG,CC,TT,missing,CC,2166
GG,CC,TT,GG,AA,CC,TT,missing,,2177
AG,CC,GG,GG,AA,CT,CT,missing,CC,2183
GG,CC,GT,GG,GG,CC,TT,missing,CC,1588
GG,CC,GT,GG,AG,CC,TT,missing,,2202
GG,CC,TG,missing,AG,TC,TT,missing,missing,2203
AG,CC,TG,missing,AA,CC,TC,missing,missing,2207
AG,CT,GG,GG,GG,CT,missing,missing,missing,2212
AA,CC,GG,GG,AG,CC,CC,missing,,2217
AG,CC,GG,CG,AG,CC,CT,missing,,2725
missing,missing,missing,missing,missing,missing,missing,missing,missing,1472
AA,CC,GG,GG,GG,CT,CC,missing,,2236
GG,CC,GT,GG,AG,CC,TT,missing,,2238
AG,CC,GG,CC,GG,CC,CT,missing,CC,2239
GG,CC,GT,GG,GG,CT,TT,missing,CC,2249
GG,CC,TT,GG,GG,CC,missing,missing,missing,2274
missing,missing,missing,missing,missing,missing,missing,missing,missing,2275
AG,CT,GT,GG,AG,CC,CT,missing,CC,2276
GG,CC,GT,GG,GG,CC,TT,missing,CC,2278
AG,CC,GT,GG,AA,CC,CT,missing,,2279
GG,CC,GG,GG,GG,CC,TT,missing,,2288
GG,CC,GG,GG,GG,CC,TT,missing,,2291
GG,CC,TT,CG,AA,CC,TT,missing,CC,2297
missing,missing,missing,missing,missing,missing,missing,missing,missing,2304
GG,CC,TT,GG,GG,CT,TT,missing,,2307
missing,missing,missing,missing,missing,missing,missing,missing,missing,2316
AG,CC,GT,GG,AG,CC,CT,missing,CC,2314
GG,CC,GT,GG,AG,CC,TT,missing,,2339
AG,CT,GT,GG,AG,CC,CT,missing,CC,2350
AG,CC,TG,missing,AG,TC,TC,missing,missing,2358
GG,CC,GG,GG,GG,CT,TT,missing,CC,2361
AG,CC,GT,GG,GG,CT,CT,missing,CC,2362
AG,CT,TT,GG,GG,CC,CT,missing,,2371
GG,CC,GT,GG,AG,CC,TT,missing,CC,2367
GG,TC,TG,missing,GG,TC,TT,missing,missing,2393
GG,CC,GT,GG,GG,TT,missing,missing,missing,210
AG,CC,missing,missing,GG,CC,TC,missing,missing,5359
AG,CT,GG,GG,GG,CC,CT,missing,CC,2402
GG,CC,GT,GG,AG,CC,TT,missing,,2412
GG,CC,GT,GG,AG,CC,TT,missing,CC,898
GG,CC,GT,GG,AG,TT,TT,missing,,909
AA,CC,GG,CG,GG,CC,CC,missing,,920
AG,CC,TT,GG,GG,CC,CT,missing,CC,922
AG,CC,GG,missing,AG,TC,CT,missing,missing,994
AG,CC,TG,missing,AG,CC,TC,missing,missing,3050
missing,missing,missing,missing,missing,missing,missing,missing,missing,512
AA,CC,GG,missing,AG,TC,CC,missing,missing,1078
GG,CC,GT,GG,GG,CC,TT,missing,,1196
AG,CC,GT,GG,GG,CC,CT,missing,,1209
AG,CC,GT,GG,GG,CC,CT,missing,,862
AG,CT,GG,GG,AG,CC,CT,missing,,1233
GG,CT,GT,GG,AA,CT,TT,missing,CC,2797
GG,CC,GT,GG,GG,CC,TT,missing,CC,2826
missing,CC,missing,missing,missing,missing,TT,missing,missing,2839
AG,CC,TT,GG,AG,CT,CT,missing,,2841
GG,CC,GT,CG,AG,CC,TT,missing,,1221
AA,CC,GG,CC,GG,CC,CC,missing,,1566
AG,CC,GG,missing,AG,CC,TC,missing,missing,2729
missing,CC,missing,missing,missing,missing,TC,missing,missing,2732
GG,CC,GT,CG,GG,CT,TT,missing,,2739
GG,TC,GG,missing,AG,CC,TT,missing,missing,2748
AG,CC,missing,missing,GG,CC,TC,missing,missing,6599
AG,CC,GT,CG,AA,CC,CT,missing,CC,2421
GG,CC,GT,GG,GG,CT,TT,missing,CC,2453
GG,CC,GT,GG,GG,CC,TT,missing,CC,2454
AG,CC,GG,GG,GG,CC,CT,missing,,2455
AG,CT,GT,GG,AG,CC,CT,missing,CC,2457
GG,CC,GT,GG,AG,CC,TT,missing,,2498
GG,CC,TT,GG,GG,CC,TT,missing,,2512
AA,CT,GG,CG,GG,CC,CC,missing,,2513
GG,CC,GG,GG,GG,TT,TT,missing,CC,2858
GG,CC,TT,GG,AG,CC,TT,missing,CC,2881
AG,CT,GT,GG,AG,CT,CT,missing,,2456
AA,CC,GG,CC,GG,CC,CC,missing,,2535
AA,CT,GT,GG,AG,CC,CC,missing,CC,2901
AA,CC,TT,GG,AG,CC,CC,missing,CC,2542
missing,missing,missing,CG,missing,missing,CT,missing,missing,2856
AG,CT,GG,GG,GG,CC,CT,missing,CC,2886
GG,CC,GT,GG,GG,CC,TT,missing,CC,2890
GG,CC,GT,GG,AG,CC,TT,missing,,2920
GG,CC,GG,CG,GG,CT,TT,missing,,2980
AA,CT,GG,CG,AG,CC,CC,missing,CC,2949
GG,CC,TT,GG,AG,CC,TT,missing,CC,2958
AA,CC,GT,,GG,CC,CC,missing,CC,2960
AA,CC,TT,CC,GG,CC,CC,missing,CC,2966
GG,CC,GT,GG,GG,CC,TT,missing,,2874
GG,CC,GG,GG,AG,CT,TT,CC,,10195
AG,CC,GT,GG,GG,CC,CT,missing,CC,2998
GG,CC,missing,missing,GG,CC,TT,missing,missing,9413
AG,CT,TT,GG,GG,CT,CT,missing,CC,3018
AG,CC,GG,missing,GG,CC,TC,missing,missing,3015
GG,CC,GG,GG,AG,CC,TT,missing,CC,3034
missing,missing,missing,missing,missing,missing,missing,missing,missing,3043
AG,CC,TT,GG,GG,CT,CT,missing,,3046
AG,CC,GG,CG,GG,CC,CT,missing,,3048
AG,CC,GT,GG,AG,CC,CT,missing,CC,3069
GG,CC,GG,GG,AA,CT,CT,missing,CC,3078
AG,CC,GG,CC,GG,CC,CT,missing,,3085
missing,CC,missing,missing,missing,missing,CC,missing,missing,3087
AG,CC,GG,CG,GG,CC,CT,missing,CC,3090
missing,CC,missing,missing,missing,missing,TT,missing,missing,3097
AG,CC,GT,GG,GG,CC,CT,missing,,3104
AG,CC,GG,GG,GG,CT,CT,missing,,3111
AG,CC,GT,GG,GG,CC,CT,missing,CC,3113
AA,CC,GT,CC,GG,CC,CC,missing,,3122
AG,CC,TG,missing,AG,CC,TC,missing,missing,3124
GG,CC,GG,GG,GG,CC,missing,missing,missing,3129
AG,CT,GT,GG,GG,CC,missing,missing,missing,3130
AG,CC,GT,GG,GG,CC,CT,missing,CC,3137
AA,CC,GG,CC,GG,CC,CC,missing,CC,3108
AA,CT,GG,GG,GG,CC,CC,missing,CC,3140
AA,CC,TT,GG,AG,CT,CC,missing,CC,3145
missing,missing,missing,missing,missing,missing,missing,missing,missing,3160
GG,CC,GT,CG,AG,CC,TT,missing,CC,3167
missing,CC,missing,missing,missing,missing,TC,missing,missing,4667
GG,CC,GG,GG,AG,CT,TT,missing,CC,5098
GG,CC,GT,GG,GG,CT,TT,missing,CC,3176
GG,CC,TT,GG,GG,CT,TT,missing,,3179
missing,missing,missing,missing,missing,missing,missing,missing,missing,3192
GG,CC,GT,GG,GG,CC,TT,missing,CC,3193
AG,CC,GG,GG,AG,CC,CT,missing,,3196
AG,CC,TT,GG,GG,CC,CT,missing,CC,3197
missing,CC,missing,missing,missing,missing,TC,missing,missing,3199
GG,CC,GT,GG,GG,CC,TT,missing,,3206
GG,CC,GT,GG,AG,CC,TT,missing,CC,3216
missing,CC,missing,missing,missing,missing,TT,missing,missing,3224
missing,missing,missing,missing,missing,missing,missing,missing,missing,3234
GG,CC,GT,GG,GG,CC,TT,missing,CC,3244
GG,CC,GT,GG,GG,CT,TT,missing,CC,3248
GG,CC,GT,GG,GG,CC,TT,missing,CC,3265
missing,CC,missing,missing,missing,missing,TC,missing,missing,3267
GG,CC,TT,GG,AG,CC,TT,missing,CC,3275
GG,CC,TT,GG,AG,CC,TT,missing,,3280
GG,CC,GG,GG,GG,CC,TT,missing,CC,3289
AA,CC,GG,missing,GG,CC,CC,missing,missing,3301
AG,CC,GT,GG,AG,CC,CT,missing,CC,3304
GG,CC,GG,GG,GG,CC,TT,missing,CC,3321
GG,CT,GT,GG,AA,TT,TT,missing,CC,3324
AG,CT,GT,GG,GG,CC,CT,missing,CC,3326
AA,CT,TT,GG,AG,CC,CC,missing,,3335
GG,CC,GT,CG,GG,CC,TT,missing,,3341
AG,CT,GT,GG,GG,CC,CT,missing,CC,3343
GG,CC,TT,GG,GG,CC,TT,missing,,3344
missing,CC,missing,missing,missing,missing,CT,missing,missing,5362
missing,TC,missing,missing,missing,missing,CC,missing,missing,3357
AA,CC,GT,CC,GG,CC,CC,missing,CC,3364
AG,CC,GT,GG,GG,CC,CT,missing,CC,3340
missing,missing,missing,missing,missing,missing,missing,missing,missing,3370
AA,CC,GG,CG,GG,CC,CC,missing,CC,3375
missing,CC,missing,missing,missing,missing,TC,missing,missing,3381
AG,CC,TG,missing,AA,TC,TC,missing,missing,3393
AG,CT,GT,CG,AA,CC,CT,missing,,3394
AG,CC,GT,GG,AG,CC,CT,missing,,3395
missing,CC,missing,missing,missing,missing,TC,missing,missing,3397
AG,CC,GT,GG,AG,CC,CT,missing,,3399
AG,CT,GT,GG,AG,CC,CT,missing,,3417
GG,CT,TT,GG,GG,CC,TT,missing,CC,3422
missing,missing,missing,missing,missing,missing,missing,missing,missing,3423
GG,CC,TT,GG,GG,CC,TT,missing,CC,3449
AG,CC,GT,GG,GG,CT,CT,missing,,3454
AG,CC,TT,CG,GG,CC,CT,missing,CC,3468
AG,CC,TT,GG,AG,CC,CT,missing,CC,3478
AA,CC,GG,GG,GG,CC,CC,missing,,3486
GG,CC,GT,GG,AA,CC,TT,missing,CC,3494
AG,CC,GG,CG,GG,CC,CT,missing,CC,3499
GG,CC,GG,GG,GG,CC,TT,missing,,3532
GG,CC,GT,GG,GG,TT,TT,missing,,3531
missing,missing,missing,missing,missing,missing,missing,missing,missing,991
GG,CC,GT,GG,GG,CC,TT,missing,CC,3543
AA,CC,GT,CG,GG,CC,CC,missing,CC,298
GG,CC,GG,GG,GG,CC,TT,missing,,3569
missing,TC,missing,missing,missing,missing,TC,missing,missing,3571
GG,CC,GG,CC,GG,CC,TT,missing,CC,3581
AG,CC,GT,GG,GG,CC,CT,missing,,3582
missing,CC,missing,missing,missing,missing,TT,missing,missing,3595
AG,CC,TT,GG,AG,CC,CT,missing,CC,3598
GG,CC,GT,GG,AG,CT,TT,missing,,3605
GG,CC,GG,missing,AG,CC,TT,missing,missing,5099
GG,CC,GT,GG,AG,TT,TT,missing,CC,3611
AA,CC,GG,CG,AG,CC,CC,missing,CC,3615
AG,CC,GT,GG,AG,CC,CT,missing,CC,3622
GG,CC,GG,missing,AG,CC,TT,missing,missing,3624
AG,CT,TT,GG,AG,CC,CT,missing,CC,3625
GG,CC,GT,GG,GG,CT,TT,missing,CC,3642
GG,CC,GT,GG,AG,CC,TT,missing,CC,3643
GG,CC,TT,GG,GG,CC,TT,missing,CC,3644
GG,CC,TT,GG,AG,CC,TT,missing,CC,3655
GG,CC,TG,missing,AG,CC,TT,missing,missing,3660
GG,CC,GG,missing,GG,CC,TT,missing,missing,3688
GG,CC,GG,GG,AG,CC,TT,missing,,3682
GG,CC,GT,GG,GG,CC,TT,missing,,3706
missing,missing,missing,missing,missing,missing,missing,missing,missing,3713
GG,CC,GT,GG,AG,CT,TT,missing,,3724
AG,CC,GT,GG,GG,CC,CT,missing,,3728
GG,CC,GG,missing,GG,CC,TT,missing,missing,3733
GG,CC,TG,missing,GG,CC,TT,missing,missing,3767
missing,CC,missing,missing,missing,missing,TT,missing,missing,3782
GG,CC,GT,GG,GG,CC,TT,missing,,3786
GG,CC,GG,GG,GG,CT,TT,missing,,3788
GG,CC,TT,CG,GG,CC,TT,missing,CC,3806
missing,missing,missing,missing,missing,missing,missing,missing,missing,3813
GG,CC,GG,GG,AG,TC,TT,missing,missing,10097
AA,CC,GG,CC,GG,CC,CC,missing,CC,3904
GG,CC,GG,missing,AG,CC,TT,missing,missing,3886
GG,CC,TG,missing,AG,CC,TT,missing,missing,3971
AA,CT,TT,GG,GG,CC,CC,missing,CC,3964
GG,CC,GG,GG,GG,CC,TT,missing,CC,3967
GG,CC,TT,CG,AG,CC,TT,missing,CC,3954
GG,CC,GT,GG,AG,CC,TT,missing,CC,3865
GG,CC,GG,GG,GG,CC,TT,missing,CC,3834
GG,TT,GG,missing,AG,CC,TC,missing,missing,3833
GG,CC,GT,GG,GG,CC,missing,missing,missing,3942
AA,CC,GT,CG,GG,CC,CC,missing,CC,3934
AG,CC,GT,GG,AA,CC,CT,missing,CC,500
AA,CC,GT,CC,GG,CC,CC,missing,,3922
AG,CC,TT,GG,GG,CC,CT,missing,CC,3921
AA,CC,GT,GG,GG,CT,CC,missing,CC,3913
AG,TC,TG,missing,AG,CC,TC,missing,missing,4042
AG,CC,GT,GG,GG,CC,CT,missing,,4018
GG,CC,GT,GG,AG,CC,TT,missing,CC,4009
missing,CC,missing,missing,missing,missing,TT,missing,missing,3993
AG,CC,TT,CG,AG,CC,CT,missing,CC,4048
AA,CC,GG,CC,GG,CC,CC,missing,CC,4034
missing,missing,missing,missing,missing,missing,missing,missing,missing,4012
missing,missing,missing,missing,missing,missing,missing,missing,missing,4010
AA,CC,GT,CG,GG,CC,CC,missing,CC,4006
GG,CC,TT,GG,GG,CT,TT,missing,CC,4055
AG,CT,TT,GG,AG,CC,CT,missing,CC,4095
GG,CC,TT,GG,AG,CC,TT,missing,,4080
AG,TC,GG,missing,GG,TC,TC,missing,missing,4064
GG,CC,GT,GG,GG,CC,TT,missing,CC,4056
AA,CC,GT,CC,GG,CC,CC,missing,CC,4057
GG,CC,GT,CG,GG,CC,TT,missing,CC,4030
AA,CT,GG,GG,AG,CC,CC,missing,,3979
AG,CC,GT,GG,AG,CC,CT,missing,CC,3853
AA,CC,GG,CC,GG,CC,CC,missing,,3931
GG,CC,TT,GG,AA,CC,TT,missing,CC,3908
GG,CC,GG,CG,AG,CC,TT,missing,,3882
AG,CC,GG,GG,AG,CC,CT,missing,CC,3883
GG,CC,GT,GG,GG,CC,TT,missing,CC,3881
AA,TT,GG,GG,GG,TT,CC,missing,CC,4147
GG,CC,GG,GG,GG,TT,TT,missing,CC,4143
AG,CC,GT,GG,GG,CC,CT,missing,,4127
GG,CC,GT,GG,AG,CC,TT,missing,,4173
GG,CT,TT,GG,GG,CC,TT,missing,CC,4159
AG,CC,GG,GG,GG,CC,CT,missing,CC,4671
AG,CC,GT,CG,GG,CT,CT,missing,CC,4178
AG,CC,GG,GG,GG,CC,CT,missing,CC,4672
GG,CC,GG,GG,GG,CT,TT,missing,CC,3821
AG,TT,GG,GG,GG,CC,CT,missing,,4194
GG,CC,TT,missing,AG,CC,TT,missing,missing,4204
GG,CC,GT,GG,AA,CC,TT,missing,CC,4212
missing,CC,missing,missing,missing,missing,TT,missing,missing,4213
GG,CC,GG,GG,AA,CT,TT,missing,CC,4215
GG,CC,TG,missing,GG,CC,TT,missing,missing,4224
AA,CC,TG,missing,GG,TT,CC,missing,missing,4235
AA,CC,GG,CG,AG,CC,CT,missing,CC,4241
GG,CC,TG,missing,AG,TC,TT,missing,missing,5103
GG,CC,GT,CG,AG,CT,TT,missing,CC,4245
AG,CT,GT,GG,GG,CC,CT,missing,CC,4248
AG,CT,GG,GG,GG,CC,CT,missing,CC,4251
AG,CC,GT,CG,AG,CT,CT,missing,CC,4258
missing,missing,missing,missing,missing,missing,missing,missing,missing,4271
AA,CC,GT,GG,GG,CC,CC,missing,CC,4290
AG,CC,TT,GG,GG,CT,CT,missing,CC,4482
AA,CC,GT,CG,GG,CC,CC,missing,CC,4320
missing,CC,missing,missing,missing,missing,TT,missing,missing,4360
AA,CT,TT,GG,AG,CT,CC,missing,,4490
missing,missing,missing,missing,missing,missing,missing,missing,missing,4179
AG,CC,GG,missing,AG,CC,TC,missing,missing,4176
GG,CC,TT,GG,GG,CT,TT,missing,,4200
AG,CC,GG,GG,GG,CC,CT,missing,,4230
GG,CC,GG,GG,GG,CC,TT,missing,missing,9849
AG,CC,TT,CG,GG,CC,CT,missing,CC,4346
missing,missing,missing,missing,missing,missing,missing,missing,missing,4343
AG,CC,GG,GG,AG,CC,TT,missing,CC,3766
AG,CC,GG,GG,AG,CC,CT,missing,,3780
AG,CT,GT,GG,AG,CC,CT,missing,CC,4356
GG,CC,GT,GG,GG,CT,TT,missing,CC,4359
AG,CT,GT,GG,AG,CT,CT,missing,CC,4463
GG,CC,GT,GG,GG,CC,TT,missing,CC,4569
AA,CC,GG,CC,GG,CC,CC,missing,CC,4381
GG,CC,GG,CG,AG,CC,TT,missing,CC,4399
AA,CT,GT,GG,GG,CT,CC,missing,CC,4411
missing,missing,missing,missing,missing,missing,missing,missing,missing,1018
GG,CC,GG,GG,AG,CC,TT,missing,,925
missing,missing,missing,missing,missing,missing,missing,missing,missing,1050
AA,CC,TT,GG,AA,CC,CC,missing,CC,4428
GG,CC,GG,missing,AG,TC,TT,missing,missing,4430
GG,CC,GT,GG,AG,CT,TT,missing,CC,4499
AG,CC,TT,missing,GG,CC,TC,missing,missing,4502
AA,CC,GT,GG,GG,CC,CC,missing,CC,4507
GG,TC,GG,missing,GG,TC,,missing,missing,4538
AG,CC,GG,GG,GG,CT,CT,missing,CC,4539
GG,CC,TG,missing,AA,TC,TT,missing,missing,4568
GG,CC,TT,GG,AG,CC,TT,missing,,4438
GG,CC,GT,GG,GG,CC,TT,missing,CC,4547
AA,CT,TT,GG,AG,CT,CC,missing,,4549
GG,CC,missing,missing,GG,CC,TT,missing,missing,5107
AA,CC,TT,CG,AG,CC,CC,missing,CC,5723
AA,CC,GT,CC,AG,CT,CC,missing,CC,4577
GG,CC,GG,GG,GG,CT,TT,missing,,4587
GG,CC,GT,GG,AG,CC,TT,missing,,4594
AG,CC,TT,missing,GG,CC,TC,missing,missing,4597
AG,CC,GG,missing,GG,CC,TC,missing,missing,4598
AG,CC,TT,missing,GG,CC,TC,missing,missing,4602
AG,CC,GG,missing,GG,CC,TC,missing,missing,4604
AG,CC,GT,GG,GG,CC,CT,missing,CC,4605
missing,CC,missing,missing,missing,missing,TT,missing,missing,4613
AG,CT,GT,GG,AG,CT,CT,missing,CC,4621
AA,CC,GT,GG,GG,CC,CC,missing,,4580
GG,CC,GG,GG,GG,CC,TT,missing,CC,4679
AG,CC,GT,GG,GG,CC,CT,missing,CC,4680
GG,CC,GT,GG,GG,CT,TT,missing,CC,2074
missing,CC,missing,missing,missing,missing,TT,missing,missing,4754
GG,CC,GG,GG,AA,CT,TT,missing,CC,4756
AA,CC,GT,CG,GG,CC,CC,missing,CC,4758
missing,CC,missing,missing,missing,missing,TT,missing,missing,1426
GG,CC,GG,missing,GG,CC,TT,missing,missing,4732
GG,CC,TT,GG,AG,CC,TT,missing,CC,5257
GG,CC,GT,missing,GG,CC,TT,missing,missing,5258
AA,CC,GT,CG,GG,CC,CC,CC,CC,7610
AA,CT,GG,GG,AG,CC,CC,missing,CC,4632
missing,CC,missing,missing,missing,missing,CC,missing,missing,4644
AG,CC,GG,GG,AG,CC,CT,missing,CC,4646
GG,CC,GT,CG,GG,CC,TT,missing,,4694
GG,CC,TT,CG,AG,CC,TT,missing,CC,4695
GG,CC,TT,GG,GG,CT,TT,missing,CC,4648
missing,TC,missing,missing,missing,missing,CC,missing,missing,4652
GG,CC,GG,CG,AG,CT,TT,missing,,4712
AG,CC,GT,GG,GG,CC,CT,missing,CC,4715
AG,CC,TT,missing,AG,CC,TC,missing,missing,4796
GG,CC,GG,GG,GG,CT,TT,missing,CC,5155
GG,CC,GG,GG,GG,CC,TT,missing,CC,5168
GG,CC,GG,CG,GG,CC,TT,missing,,5180
AA,CC,GT,CG,GG,CC,CC,missing,CC,5195
GG,CC,GG,missing,GG,TC,TT,missing,missing,5199
AG,CC,GT,GG,GG,CC,CT,missing,CC,4797
AG,CT,GT,GG,GG,CT,CT,missing,CC,4801
AA,CC,GT,GG,GG,CC,CC,missing,,4814
AA,CT,GG,GG,AG,CC,CC,missing,CC,5146
GG,CC,missing,missing,AG,CC,TT,missing,missing,5154
GG,CC,TT,GG,GG,CC,TT,missing,CC,4825
AG,CC,TT,GG,GG,CT,CT,missing,CC,4833
AG,CC,GG,missing,AA,TT,TC,missing,missing,4834
AA,CC,GT,CC,GG,CC,CC,missing,CC,4851
missing,CC,missing,missing,missing,missing,TT,missing,missing,4832
AG,CC,TT,GG,GG,CT,CT,missing,,4837
AG,CC,GT,GG,GG,CC,CT,missing,CC,4859
GG,CC,TT,GG,GG,CC,TT,missing,CC,4879
missing,TC,missing,missing,missing,missing,CC,missing,missing,4880
GG,CC,GT,GG,GG,CC,TT,missing,CC,16
GG,CC,GG,missing,AG,CC,TT,missing,missing,4910
GG,CC,TG,missing,GG,CC,TT,missing,missing,5267
AA,CC,GT,GG,AG,CC,CC,missing,CC,5288
AA,CT,GG,CC,AG,CC,CC,missing,,5302
missing,CC,missing,missing,missing,missing,TT,missing,missing,4917
GG,CC,missing,missing,GG,CC,TT,missing,missing,5351
GG,CC,TG,missing,GG,CC,TT,missing,missing,4928
AG,CC,GT,GG,AG,CT,CT,missing,CC,4932
AG,CT,GT,GG,AG,CC,CT,missing,CC,4935
GG,CC,GG,GG,GG,CT,TT,CC,,7098
AA,CC,GG,GG,AG,CC,CC,missing,CC,4943
GG,CC,TG,missing,GG,TC,TT,missing,missing,4954
GG,CC,GT,GG,GG,CC,TT,missing,CC,4962
AG,CC,GT,GG,AG,CT,CT,missing,,5167
GG,CC,TG,missing,GG,TC,TT,missing,missing,5170
GG,CC,missing,missing,GG,CC,TT,missing,missing,5176
GG,CC,GG,GG,AA,CC,TT,missing,CC,5223
GG,CT,GG,missing,GA,CC,TT,missing,missing,5213
AG,CC,GG,GG,GG,CC,CT,missing,CC,5274
GG,CC,GT,GG,GG,TT,TT,missing,CC,5326
AA,CT,GT,CG,GG,CT,CC,missing,CC,5332
AG,CC,missing,missing,AG,CC,TC,missing,missing,7099
GG,CC,TT,GG,GG,CC,TT,missing,,4983
GG,CC,GG,GG,AG,CC,TT,missing,CC,4985
AG,CC,GT,GG,GG,CC,CT,missing,CC,4990
GG,CC,missing,missing,AG,CC,TT,missing,missing,4996
AG,CC,TT,GG,GG,CT,CT,missing,,4998
missing,CC,missing,missing,missing,missing,TT,missing,missing,5024
GG,CC,missing,missing,AG,CC,TT,missing,missing,5027
GG,CC,GG,missing,GG,CC,TT,missing,missing,5034
AG,TC,missing,missing,GG,CC,TC,missing,missing,5041
GG,CC,GG,GG,AG,CT,TT,missing,CC,5048
GG,CC,GT,GG,GG,CC,TT,missing,CC,5049
GG,CC,TT,GG,GG,CT,TT,missing,,5164
GG,CC,GG,GG,GG,CT,TT,missing,CC,5073
missing,CC,missing,missing,missing,missing,TT,missing,missing,5237
GG,CC,GT,GG,GG,CC,TT,missing,CC,5233
GG,CC,GT,GG,GG,CC,TT,missing,,5235
GG,CC,GT,GG,GG,TT,TT,missing,CC,5397
AG,CC,GT,GG,AG,CC,CT,missing,CC,5408
AG,CC,GT,GG,AG,CC,CT,missing,,5460
GG,CC,GT,GG,GG,CC,TT,missing,CC,5456
GG,CC,GT,GG,GG,CC,TT,missing,CC,5475
GG,CC,GT,GG,GG,CT,TT,missing,CC,5478
GG,CC,GT,missing,GG,CC,TT,missing,missing,5480
GG,CC,GG,GG,GG,CC,TT,missing,CC,5487
AA,CC,GG,missing,GG,CC,CC,missing,missing,5485
GG,CC,missing,missing,GG,CC,TT,missing,missing,5494
AG,CT,GT,GG,GG,CT,CT,missing,CC,5342
GG,CC,GG,GG,AA,CT,TT,missing,CC,949
AG,CC,GG,CC,AG,CC,CT,missing,CC,5185
GG,CC,GG,GG,AG,CC,TT,missing,,5425
GG,CC,GT,CG,AA,CC,TT,missing,CC,5432
GG,CC,GT,GG,AG,CC,TT,missing,,5447
GG,CC,GT,GG,GG,CT,TT,missing,,5495
GG,CC,missing,missing,AA,TC,TT,missing,missing,5501
AG,CC,missing,missing,AG,CC,TC,missing,missing,5506
AG,CC,missing,missing,GG,TC,TC,missing,missing,5728
missing,CC,missing,missing,missing,missing,TT,missing,missing,5514
AA,CC,GG,missing,AG,TC,CC,missing,missing,5768
GG,CC,GG,GG,AG,CC,TT,missing,CC,5820
AA,CC,GG,GG,GG,CT,CC,missing,CC,5830
AG,CC,TT,GG,GG,CC,CT,missing,CC,5833
AG,CT,TT,GG,AA,TT,CT,CC,,6731
GG,CC,GG,GG,AG,CC,TT,missing,CC,5850
GG,CC,GG,GG,AA,CT,TT,missing,CC,5853
AG,CC,GT,GG,GG,CC,CT,missing,CC,5515
GG,CC,GT,GG,GG,CC,TT,missing,,5743
missing,CC,missing,missing,missing,missing,TT,missing,missing,5792
missing,missing,missing,missing,missing,missing,missing,missing,missing,10948
GG,CC,GT,GG,GG,CC,TT,missing,CC,5800
AG,CC,GT,CG,AG,CC,CT,missing,CC,5803
missing,CC,missing,missing,missing,missing,CC,missing,missing,5810
AG,CC,GT,CG,AG,CT,CT,missing,CC,5529
AA,CC,missing,missing,AG,CC,CC,missing,missing,5531
AG,CC,missing,missing,GG,CC,TC,missing,missing,5536
GG,CC,GT,GG,AG,CC,TT,missing,CC,5540
missing,CC,missing,missing,missing,missing,TT,missing,missing,5573
GG,CC,missing,missing,GG,CC,TT,missing,missing,5628
GG,CC,GT,GG,AG,CT,TT,missing,CC,5629
missing,missing,missing,missing,missing,missing,missing,missing,missing,5641
AG,CC,TT,GG,AG,CC,CT,missing,CC,5557
GG,CC,TT,GG,GG,CT,TT,missing,CC,5568
AG,TC,missing,missing,AG,TC,TC,missing,missing,5581
GG,CC,GG,GG,GG,CC,TT,missing,,5582
AG,CT,GT,GG,AG,CC,CT,missing,CC,4735
GG,CC,GG,GG,GG,CC,TT,missing,CC,5612
GG,CC,TT,CG,GG,CC,TT,missing,CC,5613
GG,CC,GT,GG,GG,CC,TT,missing,,2969
AG,CC,TT,GG,GG,CT,CT,missing,CC,5745
missing,CC,missing,missing,missing,missing,TT,missing,missing,5859
GG,CC,missing,missing,GG,TC,TT,missing,missing,5659
GG,CC,TG,GG,AA,CC,TT,missing,missing,7613
missing,CT,missing,missing,missing,missing,TT,missing,missing,5666
GG,CC,TT,GC,GG,CC,TT,missing,CT,5672
AA,CC,GT,CG,AG,CC,CC,missing,CC,5675
GG,CC,GG,CG,GG,CC,TT,missing,CC,5683
GG,CC,GT,GG,GG,CT,TT,missing,CC,5701
AG,TC,missing,missing,AG,TC,TC,missing,missing,5709
AG,CT,TT,GG,AG,CT,CT,missing,CC,6115
GG,CC,TT,missing,GG,TC,TT,missing,missing,5775
GG,CC,GT,GG,GG,CC,TT,missing,CC,5821
AG,CC,TG,missing,AG,CC,TC,missing,missing,5826
AA,CC,GG,missing,GG,CC,CC,missing,missing,5867
GG,CC,GT,GG,GG,CC,TT,missing,CC,5868
AG,CC,GG,CG,AG,CC,CT,missing,CC,5881
AG,CC,missing,missing,GG,CC,TC,missing,missing,6117
AG,CC,GG,GG,AG,CC,CT,missing,,6120
AG,CC,GT,GG,AG,CC,CT,missing,CC,6124
GG,CC,missing,missing,AG,CC,TT,missing,missing,6127
AG,TC,missing,missing,AG,TC,TC,missing,missing,6131
missing,CC,missing,missing,missing,missing,TT,missing,missing,4738
GG,CC,GT,GG,AG,CC,TT,missing,CC,5884
missing,CC,missing,missing,missing,missing,TT,missing,missing,5888
GG,CC,GG,missing,AG,CC,TT,missing,missing,5895
GG,CC,GG,GG,AG,CC,TT,missing,CC,5900
GG,CC,missing,missing,GG,CC,TT,missing,missing,5221
missing,CC,missing,missing,missing,missing,TT,missing,missing,6191
missing,CC,missing,missing,missing,missing,CC,missing,missing,5912
AG,CC,GG,GG,AG,CC,CT,missing,CC,5924
GG,CC,TT,GG,AG,TT,missing,missing,missing,6187
missing,CC,missing,missing,missing,missing,TC,missing,missing,6184
GG,CC,missing,missing,AG,CC,TT,missing,missing,6189
AG,CC,TT,GG,GG,CC,CT,missing,CC,6192
GG,CC,missing,missing,GG,CC,TT,missing,missing,6296
GG,CC,GT,GG,GG,CC,TT,missing,CC,6206
missing,CC,missing,missing,missing,missing,TT,missing,missing,6228
AG,CC,GG,GG,AA,CC,CT,CT,,6617
GG,CC,missing,missing,AG,TT,TT,missing,missing,7103
AG,TC,missing,missing,GG,CC,TC,missing,missing,6633
AG,TC,missing,missing,AG,TT,TC,missing,missing,6634
AG,CC,missing,missing,GG,CC,TC,missing,missing,6020
AA,CC,TG,missing,AG,CC,CC,missing,missing,6085
AA,CC,GT,GG,AG,CC,CC,missing,CC,6484
AG,CC,GG,GG,GG,TT,CT,missing,CC,6491
AA,CC,missing,missing,GG,CC,CC,missing,missing,6493
GG,CC,GT,GG,GG,CC,TT,CC,,6545
GG,CC,GG,GG,AG,CC,TT,missing,missing,9862
GG,CC,TT,GG,AG,TT,TT,missing,missing,10106
AG,CC,missing,missing,AG,TC,TC,missing,missing,5961
AA,CC,GG,GG,AG,CT,CC,missing,CC,5973
missing,CC,missing,missing,missing,missing,CT,missing,missing,6316
GG,CC,GG,GG,GG,CC,TT,missing,CC,6335
GG,CC,missing,missing,AG,TC,TT,missing,missing,6341
GG,CC,TT,GG,AG,CC,TT,missing,CC,6005
AG,CC,GT,CG,AA,CC,CT,missing,CC,5989
AG,CC,missing,missing,GG,CC,TC,missing,missing,5998
GG,CC,GT,GG,GG,CC,TT,missing,CC,6269
AG,CC,TT,GG,AG,CC,CT,missing,CC,6013
AG,CC,missing,missing,AG,TT,TC,missing,missing,6274
GG,CC,GG,CG,GG,CC,TT,missing,CC,6284
GG,CC,GG,GG,AG,CT,TT,missing,CC,6285
GG,CC,GT,GG,GG,CC,TT,missing,,6035
GG,CC,GG,GG,GG,CT,TT,missing,CC,6042
GG,CC,TT,GG,AG,CT,missing,missing,missing,6045
missing,CC,missing,missing,missing,missing,TT,missing,missing,6056
AG,CC,TT,GG,GG,CC,CT,missing,CC,6064
AG,CC,GG,CG,GG,CC,CT,missing,CC,6065
GG,CC,GT,CG,GG,CC,TT,missing,CC,4941
AA,CC,GG,CC,GG,CC,CC,missing,CC,6074
GG,CC,TG,missing,GG,CC,TT,missing,missing,4304
AG,TC,missing,missing,GG,CC,TC,missing,missing,6221
AA,TC,TG,missing,GG,CC,CC,missing,missing,6235
GG,CC,GT,GG,GG,CC,TT,missing,CC,6238
AG,CC,GT,GG,GG,CC,CT,missing,CC,6249
GG,CC,GG,GG,AG,CC,TT,missing,CC,6351
AG,CC,GT,GG,AA,CC,CT,missing,CC,6356
AA,CC,missing,missing,AG,CC,CC,missing,missing,6093
AA,CT,GG,GG,AA,TT,CC,missing,CC,6103
GG,CC,missing,missing,GG,TC,TT,missing,missing,6105
GG,CC,TG,missing,GG,TC,TT,missing,missing,6108
AG,CC,GT,GG,AA,CC,CT,CC,,6363
GG,CC,GT,GG,AG,CT,TT,missing,CC,6367
AG,CC,TT,GG,GG,CC,CT,missing,CC,6381
missing,CC,missing,missing,missing,missing,TT,missing,missing,6387
GG,CC,GT,CG,GG,CC,TT,CC,,6483
AG,CC,GG,CG,GG,CC,CT,CC,,6560
AA,CC,GG,GG,AG,CT,CC,missing,CC,6573
AA,CC,GT,CG,GG,CC,CC,missing,,6589
AA,CC,GG,CG,GG,CC,CC,CC,,6583
GG,CC,GT,GG,AG,CC,TT,CC,,6677
GG,CC,TT,GG,GG,CC,TT,missing,CC,6690
missing,CT,missing,missing,missing,missing,CC,missing,missing,6695
GG,CC,TT,GG,GG,CC,TT,CC,,6699
missing,CC,missing,missing,missing,missing,CT,missing,missing,6704
AG,CT,TT,GG,GG,CC,CT,missing,CC,6706
AG,CT,TT,GG,AG,CC,CT,missing,CC,6721
AA,CT,GT,GG,AG,CC,CC,missing,CC,6733
AG,CC,TT,GG,GG,CC,CT,CC,,6734
AG,TC,missing,missing,GG,CC,TC,missing,missing,6738
GG,CC,GT,GG,AA,CT,TT,missing,CC,6758
missing,missing,missing,missing,missing,missing,missing,missing,missing,6793
AG,CC,GT,GG,GG,CT,CT,CC,,6810
AG,CC,GG,missing,GG,CC,CT,missing,missing,6815
GG,CC,GG,GG,AG,CC,TT,missing,CC,6832
AG,CC,GG,GG,AA,CC,CT,CC,,6851
AG,CC,GT,,AG,CC,CT,missing,CC,6858
AG,CC,GT,GG,AG,CC,CT,missing,CC,6859
GG,CC,GT,GG,GG,CC,TT,CC,,6866
AG,CC,GG,missing,GG,CT,CT,missing,missing,6869
AG,CC,GT,CG,AG,CC,CT,CC,,6873
missing,CC,missing,missing,missing,missing,CC,missing,missing,6874
missing,missing,missing,missing,missing,missing,missing,missing,missing,6879
missing,CT,missing,missing,missing,missing,TT,missing,missing,6885
AG,CC,GT,GG,GG,CC,CT,CC,,1885
missing,CC,missing,missing,missing,missing,TC,missing,missing,6908
GG,CT,GG,GG,GG,CT,TT,CC,,6910
missing,CC,missing,missing,missing,missing,CT,missing,missing,6923
GG,CC,missing,missing,AA,TC,TT,missing,missing,5633
GG,CC,missing,missing,GG,TC,TT,missing,missing,6927
AG,CC,missing,missing,GG,CC,TC,missing,missing,6934
GG,CC,TT,missing,AG,CC,TT,missing,missing,6935
AA,CC,GT,CC,GG,CC,CC,CC,,6936
GG,CC,GT,GG,AG,CC,TT,CC,,6943
GG,CC,GG,GG,AG,CC,TT,missing,CC,6971
AA,CC,GT,CC,GG,CC,CC,missing,CC,6981
GG,CC,TT,GG,AG,CC,TT,missing,CC,6989
AG,CC,TT,CG,GG,CT,CT,missing,CC,6993
AA,CC,GT,GG,AG,CC,CC,missing,CC,4185
missing,CC,missing,missing,missing,missing,TC,missing,missing,6959
GG,CC,missing,missing,GG,CC,TT,missing,missing,7011
GG,CC,TT,GG,AG,CC,TT,missing,CC,7014
missing,CC,missing,missing,missing,missing,TT,missing,missing,7019
AA,CC,GG,GG,AG,CT,CT,missing,CC,7020
AG,CC,missing,missing,GG,CC,TC,missing,missing,7028
AG,CC,TT,GG,GG,CC,CT,CC,,7047
AG,CC,GT,GG,GG,CC,CT,missing,CC,7055
GG,CC,TT,GG,GG,CC,TT,CC,,7053
GG,CT,GT,GG,GG,CC,TT,missing,CC,6248
GG,CC,TT,GG,AG,CT,TT,CC,,7072
AA,CC,TT,GG,GG,CC,CC,CC,,7080
GG,CC,GG,GG,GG,CT,TT,CC,,7082
GG,CC,GT,GG,AA,CC,TT,missing,CC,7089
AG,CT,GG,GG,GG,CC,CT,CC,,7092
GG,CC,GT,GG,GG,CT,TT,CC,,7114
missing,CC,missing,missing,missing,missing,CT,missing,missing,7616
AG,CC,missing,missing,GG,TC,TC,missing,missing,7134
AA,CC,missing,missing,GG,CC,CC,missing,missing,7141
AA,CC,GT,GG,AG,CC,CC,CC,,7144
AA,CC,GT,GG,GG,CC,CC,CC,,7153
AG,CC,GT,GG,GG,CT,CT,missing,CC,7155
AG,CC,TT,GG,AA,CT,CT,missing,CC,7156
GG,CC,missing,missing,GG,CC,TT,missing,missing,7184
GG,CC,GG,missing,GG,CC,TT,missing,missing,7189
GG,CC,missing,missing,AA,CC,TT,missing,missing,7190
AG,CT,GG,GG,AG,CT,CT,CC,,7195
GG,CC,GT,GG,GG,CC,TT,CC,,7198
GG,CC,GT,GG,GG,CT,TT,CC,,7199
AG,CC,GG,GG,AA,CC,CT,missing,CC,7214
GG,CC,TT,GG,GG,CT,TT,CC,,7218
AG,CC,TT,GC,GG,CC,TC,missing,missing,10260
GG,CC,missing,missing,AG,CC,TT,missing,missing,7228
GG,CC,TT,GG,GG,CT,TT,CC,,7232
GG,CC,missing,missing,AG,CC,TT,missing,missing,7244
GG,CC,GT,GG,AG,CC,TT,CC,,7252
GG,CC,GT,GG,AG,CT,TT,CC,,7266
missing,CC,missing,missing,missing,missing,CC,missing,missing,7267
GG,CC,TT,GG,AG,CT,TT,missing,CC,7636
GG,CC,TT,GG,GG,CC,TT,CC,,7292
AG,CC,GT,GG,GG,CT,CT,missing,CC,7285
GG,CC,GT,GG,GG,CC,TT,CC,,7280
AG,CC,missing,missing,GG,CC,TC,missing,missing,7297
GG,CC,TG,missing,GG,TC,TT,missing,missing,7307
AA,CC,GT,GG,AG,CC,CC,CC,,7312
GG,CC,GT,GG,GG,CT,TT,CC,,7320
GG,CC,GT,GG,GG,CC,TT,missing,CC,7322
AG,CC,missing,missing,GG,CC,TC,missing,missing,7339
GG,CC,GT,GG,GG,CC,TT,missing,CC,4897
AA,CT,GG,GG,AA,CC,CC,CC,,7358
AA,CC,GG,GG,AG,CT,CC,missing,CC,7360
missing,TT,missing,missing,missing,missing,CT,missing,missing,7372
AA,CC,GT,missing,GG,CC,CC,missing,missing,7362
GG,CC,TT,GG,GG,CT,TT,CC,,7639
AG,CC,GT,GG,GG,CC,CT,missing,CC,7611
missing,CC,missing,missing,missing,missing,TT,missing,missing,7732
AA,CC,TG,CC,GG,CC,CC,missing,missing,7733
GG,CC,TT,missing,GG,CC,TT,missing,missing,7376
missing,CC,missing,missing,missing,missing,CC,missing,missing,7377
AG,CC,missing,missing,GG,TC,TC,missing,missing,7622
GG,CC,TT,GG,GG,CC,TT,CC,,7657
GG,CC,GT,GG,GG,CT,TT,CC,,7393
missing,CC,missing,missing,missing,missing,TT,missing,missing,7688
GG,CC,TT,GG,GG,TC,TT,missing,missing,7693
GG,CC,missing,missing,AG,CC,TT,missing,missing,7345
GG,TC,missing,missing,GG,CC,TT,missing,missing,7454
missing,CC,missing,missing,missing,missing,CC,missing,missing,7465
GG,CC,GG,CG,GG,CC,TT,CC,,7466
GG,CC,missing,missing,GG,TC,TT,missing,missing,7470
AG,CC,GG,GG,GG,CC,CT,missing,CC,7471
AG,CC,TT,GG,GG,CC,CT,missing,CC,7475
AG,CC,TT,GG,GG,CT,CT,CC,,7485
AG,CC,missing,missing,GG,CC,TC,missing,missing,7498
GG,CC,GG,CC,AG,TC,TT,missing,CT,7493
GG,CC,GT,GG,GG,CT,TT,missing,CC,7510
missing,CC,missing,missing,missing,missing,CC,missing,missing,7538
AA,CC,GT,GG,AG,CC,CC,missing,,7547
missing,missing,missing,missing,missing,missing,missing,missing,missing,7549
AG,CC,GT,GG,GG,CC,CT,missing,CC,7565
GG,CC,missing,missing,GG,TC,TT,missing,missing,7567
GG,CC,GG,GG,AG,TT,TT,missing,CC,7568
AG,CC,missing,missing,GG,CC,TC,missing,missing,7561
AG,CC,missing,missing,GG,TC,TC,missing,missing,7569
AG,CC,GG,GG,GG,CC,CT,missing,CC,5263
AG,CC,GG,GG,GG,CT,CT,missing,CC,7585
missing,CC,missing,missing,missing,missing,CT,missing,missing,7597
missing,CC,missing,missing,missing,missing,TT,missing,missing,7163
GG,CC,GG,GG,GG,CC,TT,missing,CC,7701
missing,CC,missing,missing,missing,missing,CT,missing,missing,7708
GG,CC,missing,missing,AG,CC,TT,missing,missing,7753
AG,CC,TT,GG,GG,CC,CT,missing,CC,7759
AG,CT,GT,GG,GG,CC,CT,missing,CC,7761
AG,CC,GG,GG,GG,CC,TC,missing,missing,7763
AA,TC,TG,GG,GG,TC,CC,missing,missing,7757
GG,CC,TT,GG,GG,CT,TT,CC,,7787
GG,CC,GT,GG,AG,CT,TT,missing,CC,7785
AG,CC,GT,GG,AG,CC,CT,missing,CC,6861
GG,CC,GG,GG,GG,CT,TT,CT,,7841
AG,TC,missing,missing,AG,CC,TC,missing,missing,7854
GG,CC,TG,GG,GG,CC,TT,missing,missing,7857
GG,CC,GT,GG,AA,CC,TT,CC,,7923
GG,CC,GT,GG,AG,CC,TT,missing,,8129
AA,CC,GT,CG,AG,CC,CC,CC,,8134
GG,CC,GG,GG,AG,CT,TT,CC,,8135
missing,CC,missing,missing,missing,missing,CC,missing,missing,7828
missing,CC,missing,missing,missing,missing,TT,missing,missing,8015
AG,CC,GT,GG,GG,CC,CT,CC,,8046
AG,CC,missing,missing,GG,CC,TC,missing,missing,8049
missing,CC,missing,missing,missing,missing,TC,missing,missing,8052
AG,CC,GG,GG,GG,CC,CT,CC,,9869
AA,CC,GT,CC,GG,CC,CC,CC,,7929
GG,CC,GG,GC,GG,CC,TT,missing,missing,7931
AG,CC,TT,CG,GG,CC,CT,CC,,9246
GG,CC,GG,CG,GG,CC,TT,CC,,8058
GG,CC,GG,GG,GG,CT,TT,CC,,8060
GG,CC,TT,GG,GG,CT,TT,CC,,8073
GG,CC,GG,GG,GG,CC,TT,CC,,8076
missing,CC,missing,missing,missing,missing,TT,missing,missing,8085
GG,CC,TT,GG,AG,CT,TT,missing,CC,8090
GG,CC,TT,GG,AG,CC,TT,CC,,8100
AG,CT,GT,GG,AG,CT,CT,CC,,8314
GG,CC,GT,GG,GG,CC,TT,CC,,7945
AA,CC,missing,missing,GG,CC,CC,missing,missing,7953
AG,CC,GT,CG,AG,CC,CT,missing,CC,7954
AG,CC,TT,CG,GG,CC,CT,missing,CC,7955
AA,CC,GG,GG,GG,TC,CC,missing,missing,7959
GG,CC,GT,GG,AG,CT,TT,CC,,7967
GG,CC,GT,GG,AG,CC,TT,missing,,8318
GG,CC,TT,GG,AA,CC,TT,missing,CC,8403
GG,CC,GT,GG,GG,CC,TT,missing,,7981
AG,CT,GG,GG,AG,CT,CT,missing,,7989
GG,CC,GG,,AG,CC,TT,,,7992
AG,CC,GG,missing,GA,TT,CT,missing,missing,6882
GG,CC,GT,GG,GG,CT,TT,missing,,7876
missing,CC,missing,missing,missing,missing,TT,missing,missing,7882
AG,TC,TT,GG,GG,CC,TC,missing,missing,7888
AG,CT,GG,GG,GG,CC,CT,CC,,7905
GG,CC,GG,GG,AG,CC,TT,missing,missing,7907
missing,CC,missing,missing,missing,missing,TT,missing,missing,7912
GG,CC,GG,GG,AG,CT,TT,CC,,7915
AG,CT,GG,GG,GG,CC,CT,CC,,8178
AG,CC,GG,GG,GG,TC,TC,missing,missing,9081
AG,CC,GT,GG,AG,CT,CT,CC,,8184
AA,CT,GT,GG,GG,CC,CC,CC,,8155
AG,CC,GG,GG,AA,CT,CT,missing,CC,8202
GG,CC,TT,GG,AG,CC,TT,missing,missing,8204
GG,CC,GG,GG,AG,CC,TT,CC,,8206
AG,CC,TG,missing,GG,CC,TC,missing,missing,8212
GG,CC,GT,GG,GG,CC,TT,CC,,8217
GG,CC,GT,GG,GG,CT,TT,CC,,8246
GG,CC,GT,GG,GG,CT,TT,CC,,8237
GG,CC,missing,missing,AG,TC,TT,missing,missing,8319
AG,CC,GT,GG,GG,CT,CT,CC,,8336
GG,CC,missing,missing,AG,CC,TT,missing,missing,8360
GG,CC,GT,GG,AA,CC,TT,missing,CC,8363
missing,missing,missing,missing,missing,missing,missing,missing,missing,8369
AG,CC,TG,GC,GG,TC,TC,missing,missing,8379
GG,CC,missing,missing,AA,TC,TT,missing,missing,9366
AG,CT,TT,GG,GG,CT,CT,CC,,8266
AA,CC,GT,CG,GG,CC,CC,missing,,8415
GG,CC,GT,GG,AG,CC,TT,missing,CC,8416
AG,CC,GG,CG,GG,CC,CT,CC,,8423
missing,CC,missing,missing,missing,missing,CT,missing,missing,8427
GG,CC,GT,CG,GG,CC,TT,CC,,8635
GG,CC,missing,missing,GG,TC,TT,missing,missing,8844
GG,CC,GT,GG,AG,CC,TT,CC,,8911
GG,missing,TT,missing,GG,CC,TT,CC,missing,8933
GG,CC,TT,GG,AG,CC,TT,CC,,9072
BB,BB,AB,AB,BB,BB,AA,missing,missing,8948
GG,CC,TT,GG,GA,CT,TT,CC,missing,8951
AG,CC,GT,GG,AG,CC,CT,CC,,8988
AG,CC,TG,GC,AG,CC,TC,missing,missing,8990
GG,CC,GT,GG,AG,CT,TT,CC,,8449
AG,missing,GG,missing,AG,CC,CT,CC,missing,8653
GG,CC,GT,GG,GG,CC,TT,CC,,8675
missing,TC,missing,missing,missing,missing,CC,missing,missing,8685
AG,CC,GT,GG,GG,CC,CT,missing,CC,8701
missing,CC,missing,missing,missing,missing,TT,missing,missing,8707
GG,CC,TT,GG,GG,CC,TC,missing,missing,8466
AG,CC,GG,CC,GG,CC,CT,CC,,8818
GG,CC,GG,GG,AA,CC,TT,CC,,8905
GG,CC,GG,GG,AA,CC,TT,CC,missing,8930
GG,CC,missing,missing,AG,CC,TT,missing,missing,8947
GG,CC,GT,GG,GG,CC,TT,CC,,8934
GG,CC,GG,CG,GG,CT,TT,missing,CC,8977
GG,missing,GT,missing,GG,CC,TT,CC,missing,8978
GG,CC,GT,GG,GG,CC,TT,missing,CC,8476
missing,CC,missing,missing,missing,missing,TC,missing,missing,8499
missing,CC,missing,missing,missing,missing,CC,missing,missing,8522
GG,CC,TG,GG,AA,TT,TT,missing,missing,8529
GG,CC,GT,GG,AG,CC,TT,CC,,8731
GG,CC,GG,GG,GG,CC,TT,missing,missing,8534
GG,CC,TG,GG,GG,TT,TT,missing,missing,8538
GG,CC,TG,GG,GG,TC,TT,missing,missing,8578
AA,CC,GT,CG,GG,CC,CC,missing,,8841
AG,CT,GT,GG,AG,CT,CT,CC,,8852
GG,CC,GG,GG,GG,CC,TT,CC,,8864
AA,CC,GT,GG,GG,CC,CC,missing,CC,8874
GG,CC,TT,GG,AG,CC,TT,CC,missing,8915
GG,CC,TT,missing,GG,CC,TT,missing,missing,8885
missing,CC,missing,missing,missing,missing,CC,missing,missing,8547
AA,CC,missing,missing,GG,CC,CC,missing,missing,8739
GG,CC,GG,GG,AG,CT,TT,missing,,8737
AA,CC,missing,missing,GG,CC,CC,missing,missing,5943
AA,CC,GT,CC,AG,CC,CC,CC,missing,8780
missing,CC,missing,missing,missing,missing,TT,missing,missing,4696
GG,CC,GT,GG,GG,CC,TT,CC,,9421
GG,missing,TT,GG,GG,CC,TT,CC,missing,8561
AG,CC,TG,GG,AG,CC,TC,missing,missing,9023
AA,TC,GG,GG,GG,CC,CC,missing,missing,8565
missing,missing,missing,missing,missing,missing,missing,missing,missing,8567
AG,TC,GG,GG,GG,CC,TC,missing,missing,9039
GG,CC,TG,GC,GG,CC,TT,missing,missing,9046
missing,CC,missing,missing,missing,missing,TC,missing,missing,9050
GG,CC,GG,GG,GG,CC,TT,CC,,8788
GG,CC,TG,GG,AG,TC,TT,missing,missing,8588
GG,CC,GG,CG,GG,CT,TT,CC,,8291
AG,CC,GT,GG,AG,CC,CT,missing,CC,9078
missing,CC,missing,missing,missing,missing,TC,missing,missing,8592
AG,CC,TT,GG,GG,CC,CT,CC,,8598
GG,CC,TT,GG,AG,TT,TT,missing,missing,8619
AG,CC,GG,GG,GG,CC,CT,missing,CC,4032
GG,CC,missing,CG,GG,CC,TT,missing,missing,8796
AA,TT,GG,GG,AG,CC,CC,CC,,8803
AG,CC,GT,GG,AG,CC,CT,CC,,8808
AG,CC,GT,CG,GG,CC,CT,missing,,9812
GG,CC,GT,GG,GG,TT,TT,missing,CC,9876
missing,CC,missing,missing,missing,missing,TT,missing,missing,9107
GG,CC,GT,GG,AG,CT,TT,CC,,9158
AG,TC,TT,GG,GG,CC,TC,missing,missing,9906
AG,CC,GG,GG,AG,TC,TC,missing,missing,9111
missing,missing,missing,missing,missing,missing,missing,missing,missing,9429
GG,CC,GT,GG,GG,CT,TT,CC,,9430
AG,CC,GT,GG,GG,CC,CT,CC,,9457
AG,CC,GT,GG,GG,CC,CT,CT,,9450
AG,CT,TT,GG,GG,CT,CT,missing,CC,9427
AG,TC,missing,missing,GG,TT,TC,missing,missing,9480
GG,CC,TT,GG,AG,CC,TT,CC,missing,9486
GG,CC,GG,GG,GG,TT,TT,CC,,9489
AG,CC,GT,GG,GG,CT,CT,CC,,9119
GG,CC,TT,GG,GG,TT,TT,missing,CC,9928
GG,CC,GT,GG,GG,CC,TT,CC,,9126
AG,CC,missing,missing,GG,CC,TC,missing,missing,9129
AG,CC,GG,GG,GG,CT,CT,CC,,9133
AG,CC,GG,GG,AA,CC,CT,CC,,9702
GG,CC,TG,GC,AG,CC,TT,missing,missing,9832
GG,CC,TG,GG,AG,CC,TT,missing,missing,9835
missing,CC,missing,missing,missing,missing,CC,missing,missing,9941
AG,CC,GT,GG,GG,TT,CT,CC,,9135
AG,CT,GT,GG,AG,CC,CT,CC,missing,9146
AG,CC,GT,GG,GG,CC,CT,CC,,9516
GG,CC,GG,GG,GG,TT,TT,CC,,9518
GG,CC,GT,GG,AG,CC,TT,missing,CC,9519
AG,CC,TT,GG,AG,CC,CT,CC,,9527
AG,CC,GG,missing,GG,CC,TC,missing,missing,9539
GG,CC,GG,GG,GG,CC,TT,CC,CC,9541
AG,CT,GG,GG,GG,CC,CT,CC,,9565
GG,CC,GT,GG,AG,CC,TT,CC,,9568
AA,CC,GG,GG,GG,CC,CC,missing,missing,9164
AG,CC,GG,GG,AG,CC,missing,missing,missing,9166
GG,CC,GG,GG,AG,CC,TT,missing,CC,9172
AG,CC,GT,GG,AG,CC,CT,missing,,9185
AG,CC,GG,CG,GG,CC,CT,CC,,10171
GG,CC,GT,GG,GG,CC,TT,CC,,9589
AG,CC,GT,GG,GG,CC,CT,CC,,10279
AG,CC,GG,GG,AG,CC,CT,CC,,9969
GG,CC,TG,GG,AG,CC,TT,missing,missing,9974
AA,CC,GT,CG,GG,CC,CC,CC,CC,10012
GG,CC,GT,GG,AG,CT,TT,CC,,9215
AG,CC,GG,GG,AG,TC,TC,missing,missing,9218
AG,CC,GT,CG,AA,CT,CT,CC,,9220
GG,CC,GG,missing,AG,TT,TT,missing,missing,9223
AG,TT,GG,GG,AG,CC,CT,CC,,9616
GG,CC,GG,GG,AG,CC,TT,missing,,9232
GG,CC,GT,GG,AG,CC,TT,CC,,9276
AG,CC,TG,GG,AG,CC,TC,missing,missing,9281
AG,CC,TG,GG,AG,CC,TC,missing,missing,9656
AG,CC,missing,missing,AG,CC,TC,missing,missing,10036
AG,CT,TT,GG,AG,CC,CT,CC,,9399
GG,CC,TT,GG,AG,CT,TT,CC,,10080
AG,TC,missing,missing,GG,CC,TC,missing,missing,9247
AG,GG,AC,CC,GG,GG,AG,GG,,9262
AG,CC,TG,GG,GG,CC,TC,missing,missing,9277
GG,CC,GG,GG,AG,TC,TT,missing,missing,9283
GG,CT,TT,GG,GG,CC,TT,CC,,9324
AG,CC,GG,GG,GG,CC,TC,missing,missing,9314
GG,CC,GT,GG,AG,CC,TT,missing,CC,9323
GG,CC,GG,GG,AG,CC,TT,missing,missing,9327
GG,CC,GG,GG,AG,CT,TT,CC,,9380
GG,CC,GT,GG,GG,CT,TT,CC,,10302
AG,CC,TT,GG,AA,CC,TC,missing,missing,10232
GG,CC,GT,GG,AG,CC,TT,CC,,10141
AA,TC,TG,GG,AA,TC,CC,missing,missing,10246
GG,CC,GG,GG,AG,CC,TT,CC,,9351
GG,CC,GT,GG,GG,CT,TT,CC,,9672
AA,missing,TT,missing,AG,CC,CC,CC,missing,9724
AA,CC,GT,CG,GG,CC,CC,CC,,9726
AG,CC,GG,GG,AG,CT,CT,CC,,9747
GG,CC,GT,GG,AG,CC,TT,missing,CC,9749
AA,TC,TT,GC,GG,CC,CC,missing,missing,9752
GG,CC,GT,GG,GG,CC,TT,CC,,9367
GG,CC,TT,GG,GG,CC,TT,CC,,9372
GG,CC,GT,GG,GG,CC,TT,CC,,10142
GG,CC,TT,GG,GG,CC,TT,missing,CC,9781
GG,CC,TT,GG,AG,CC,TT,missing,missing,9784
AA,CC,GT,CC,AG,CT,CC,CC,,9375
AG,CC,GG,CG,GG,CC,CT,CC,,9799
GG,CC,GG,GG,GG,CC,TT,CC,,9796
AG,TC,TG,GG,AG,CC,TC,missing,missing,9804
AG,CC,TG,GG,GG,CC,TC,missing,missing,10093
GG,CC,GG,GG,AG,TC,TT,missing,missing,10383
,,,,,,,missing,,9195
AA,CC,GG,CG,GA,CC,CC,CC,missing,10959
GG,CC,GT,GG,GG,CC,TT,CC,,10339
GG,CC,TT,GG,GG,CC,TT,CC,missing,10347
AA,CC,GT,CC,GG,CC,CC,CC,,11008
AG,CC,GT,CG,GG,CC,CT,CC,missing,10362
AA,CC,GT,GG,GG,CC,CC,missing,CC,11015
AG,CC,TT,GG,AG,CT,CT,missing,,10374
AG,CC,missing,missing,AG,CC,TC,missing,missing,10381
AG,CC,GT,GG,GG,CC,CT,CC,,9360
GG,CC,TT,GG,GG,CT,TT,missing,CC,10408
AG,CC,GG,GG,GG,CC,CT,CC,,10414
GG,CT,GT,GG,GG,CC,TT,CC,,10420
AA,TC,GG,GG,GG,TC,CC,missing,missing,10430
missing,missing,missing,missing,missing,missing,missing,missing,missing,10426
AA,missing,GT,missing,GG,CC,CC,CC,missing,10424
GG,CC,missing,missing,GG,TC,TT,missing,missing,5790
GG,CC,TT,GG,GA,CC,TT,missing,missing,10448
AG,CC,GT,GG,GG,CC,CT,CC,,10469
GG,CC,GT,GG,AG,CC,TT,CC,,10477
GG,CC,GG,GG,AG,CC,TT,CC,CC,10489
AA,CC,GG,GC,GG,CC,CC,missing,missing,10490
AG,CC,TT,GG,GG,CC,CT,CC,CT,10507
AG,CC,TG,missing,GG,CC,TC,missing,missing,10508
AG,CT,GT,GG,AA,CC,CT,CC,,10497
GG,CC,TG,GG,AG,CC,TT,missing,missing,10530
AG,CC,GT,CG,AG,CC,CT,missing,CC,10544
GG,TC,TG,GG,AA,CC,TT,missing,missing,10572
GG,CC,GG,CG,GG,CC,TT,CC,missing,10575
AG,CC,GT,GG,GG,CC,CT,CC,,10583
GG,CC,TT,GG,GG,CC,TT,missing,missing,10586
AG,CT,GT,CG,GG,CC,CT,CC,,10620
GG,CC,missing,missing,GG,TC,TT,missing,missing,10635
GG,CC,missing,missing,GG,CC,TT,missing,missing,10645
AG,CC,GG,GG,AG,CC,TC,missing,missing,10653
GG,CC,TT,GG,AG,CC,TT,CC,,8120
GG,CC,GG,GG,AA,TC,TT,missing,missing,10785
GG,CC,GG,missing,GG,CC,TT,missing,missing,10827
GG,CC,GT,GG,AG,CT,TT,CC,,10828
GG,CC,GT,GG,AG,CC,TT,CC,missing,10840
GG,CC,GT,GG,AG,CT,TT,CC,,10868
AA,missing,GT,missing,GG,CC,CC,CC,missing,10883
GG,TC,TG,GG,GG,TC,TT,missing,missing,10897
GG,CT,TT,GG,AG,CC,TT,CC,,10919
AG,CC,GT,GG,AG,CC,CT,CC,,10926
